region,title,rent_type,community,location,area,rooms,direction,floor,price,unit_price,tags,source,url,scraped_at,lat,lng
liangxiang,整租·绿地诺亚方舟 2房间 东南,整租,绿地诺亚方舟 2房间 东南,房山区-良乡-绿地诺亚方舟,45.00,,,,2500,55.6,,,https://bj.lianjia.com/zufang/BJ2159874922996826112.html,2026-05-02 23:13:07,,
liangxiang,整租·绿地诺亚方舟 2房间 北,整租,绿地诺亚方舟 2房间 北,房山区-良乡-绿地诺亚方舟,39.56,,,,2500,63.2,,,https://bj.lianjia.com/zufang/BJ1938831083999068160.html,2026-05-02 23:10:52,,
liangxiang,整租·伟业嘉园西里 3室1厅 南/北,整租,伟业嘉园西里,房山区-良乡-伟业嘉园西里,114.31,3室1厅,南/北,,3300,28.9,,,https://bj.lianjia.com/zufang/BJ2114260774594543616.html,2026-05-02 23:10:52,,
liangxiang,整租·佳世苑小区 2室2厅 南/北,整租,佳世苑小区,房山区-良乡-佳世苑小区,87.43,2室2厅,南/北,,2800,32.0,,,https://bj.lianjia.com/zufang/BJ2159218441213444096.html,2026-05-02 23:13:07,,
liangxiang,整租·首开熙悦睿府书香 2房间 北,整租,首开熙悦睿府书香 2房间 北,房山区-良乡-首开熙悦睿府书香,49.45,,,,2300,46.5,,,https://bj.lianjia.com/zufang/BJ2154846639490072576.html,2026-05-02 23:14:37,,
liangxiang,独栋·中海友里公寓 中海友里苏庄地铁站店 拒绝中介费！苏庄地铁站精装公寓 直租可月付 近地铁 丰台科技园 /社科院 0中介 整租一居 开间,独栋,中海友里公寓 中海友里苏庄地铁站店 拒绝中介费！苏庄地铁站精装公寓 直租可月付 近地铁 丰台科技园 /社科院 0中介 整租一居 开间,,27.50,,,,1650-2000,,,,https://bj.lianjia.com/apartment/36678.html,2026-05-02 23:11:10,,
liangxiang,整租·恒大滨河左岸南区 3室1厅 南/北,整租,恒大滨河左岸南区,房山区-良乡-恒大滨河左岸南区,85.85,3室1厅,南/北,,2700,31.5,,,https://bj.lianjia.com/zufang/BJ2139399239346683904.html,2026-05-02 23:10:52,,
liangxiang,整租·瑞雪春堂 2室1厅 南/北,整租,瑞雪春堂,房山区-良乡-瑞雪春堂,90.19,2室1厅,南/北,,2800,31.0,,,https://bj.lianjia.com/zufang/BJ2148427175282343936.html,2026-05-02 23:11:10,,
liangxiang,整租·房山超级蜂巢 2房间 东南,整租,房山超级蜂巢 2房间 东南,房山区-良乡-房山超级蜂巢,41.69,,,,1700,40.8,,,https://bj.lianjia.com/zufang/BJ1962871095287611392.html,2026-05-02 23:14:20,,
liangxiang,整租·北京时代广场 2房间 南,整租,北京时代广场 2房间 南,房山区-良乡-北京时代广场,49.98,,,,2300,46.0,,,https://bj.lianjia.com/zufang/BJ2150867650639560704.html,2026-05-02 23:12:06,,
liangxiang,整租·昊天嘉园 2室1厅 南,整租,昊天嘉园,房山区-良乡-昊天嘉园,68.25,2室1厅,南,,1100,16.1,,,https://bj.lianjia.com/zufang/BJ2155267075952607232.html,2026-05-02 23:13:15,,
liangxiang,整租·首开熙悦睿府书香 2房间 北,整租,首开熙悦睿府书香 2房间 北,房山区-良乡-首开熙悦睿府书香,49.19,,,,2200,44.7,,,https://bj.lianjia.com/zufang/BJ2158054555860860928.html,2026-05-02 23:15:10,,
liangxiang,整租·韩建·观山源墅 3室1厅 南/北,整租,韩建·观山源墅,房山区-良乡-韩建,99.00,3室1厅,南/北,,4000,40.4,,,https://bj.lianjia.com/zufang/BJ2153056902903234560.html,2026-05-02 23:10:52,,
liangxiang,整租·北京时代广场 2房间 西北,整租,北京时代广场 2房间 西北,房山区-良乡-北京时代广场,45.74,,,,2100,45.9,,,https://bj.lianjia.com/zufang/BJ2150847249817534464.html,2026-05-02 23:10:52,,
liangxiang,整租·绿地诺亚方舟 2房间 北,整租,绿地诺亚方舟 2房间 北,房山区-良乡-绿地诺亚方舟,39.41,,,,2300,58.4,,,https://bj.lianjia.com/zufang/BJ2153769568093339648.html,2026-05-02 23:14:37,,
liangxiang,独栋·首创和园 首创和园.良乡大学城店 近丰台科技园 丽泽 地铁通勤便利 全采光loft大一居 1室1厅,独栋,首创和园 首创和园.良乡大学城店 近丰台科技园 丽泽 地铁通勤便利 全采光loft大一居,,39.08,1室1厅,,,2690-2890,,,,https://bj.lianjia.com/apartment/39682.html,2026-05-02 23:11:10,,
liangxiang,整租·北潞馨家园 2室1厅 南/北,整租,北潞馨家园,房山区-良乡-北潞馨家园,89.02,2室1厅,南/北,,2300,25.8,,,https://bj.lianjia.com/zufang/BJ2065008236079087616.html,2026-05-02 23:11:16,,
liangxiang,整租·首创紫悦台 2房间 西,整租,首创紫悦台 2房间 西,房山区-良乡-首创紫悦台,40.00,,,,2200,55.0,,,https://bj.lianjia.com/zufang/BJ2133786705390469120.html,2026-05-02 23:12:11,,
liangxiang,整租·玉竹园 2室1厅 南/北,整租,玉竹园,房山区-良乡-玉竹园,87.04,2室1厅,南/北,,2700,31.0,,,https://bj.lianjia.com/zufang/BJ2148649574036668416.html,2026-05-02 23:15:10,,
liangxiang,整租·黄辛庄南里 2室1厅 南/北,整租,黄辛庄南里,房山区-良乡-黄辛庄南里,84.00,2室1厅,南/北,,2400,28.6,,,https://bj.lianjia.com/zufang/BJ2142619394730098688.html,2026-05-02 23:10:52,,
liangxiang,整租·苏庄一里小区 2室1厅 南/北,整租,苏庄一里小区,房山区-良乡-苏庄一里小区,80.68,2室1厅,南/北,,2400,29.7,,,https://bj.lianjia.com/zufang/BJ2158046871900127232.html,2026-05-02 23:13:02,,
liangxiang,整租·首创紫悦台 2房间 北,整租,首创紫悦台 2房间 北,房山区-良乡-首创紫悦台,31.77,,,,2000,63.0,,,https://bj.lianjia.com/zufang/BJ2143304425886711808.html,2026-05-02 23:14:37,,
liangxiang,整租·绿湾星苑 2室1厅 南,整租,绿湾星苑,房山区-良乡-绿湾星苑,75.44,2室1厅,南,,2900,38.4,,,https://bj.lianjia.com/zufang/BJ2153826661030690816.html,2026-05-02 23:12:06,,
liangxiang,整租·首创紫悦台 2房间 西,整租,首创紫悦台 2房间 西,房山区-良乡-首创紫悦台,39.81,,,,2300,57.8,,,https://bj.lianjia.com/zufang/BJ2153514497824784384.html,2026-05-02 23:10:52,,
liangxiang,整租·远洋新仕界 2室1厅 南/北,整租,远洋新仕界,房山区-良乡-远洋新仕界,44.62,2室1厅,南/北,,2500,56.0,,,https://bj.lianjia.com/zufang/BJ2151531996017328128.html,2026-05-02 23:15:10,,
liangxiang,整租·首开熙悦睿府书香 2房间 东,整租,首开熙悦睿府书香 2房间 东,房山区-良乡-首开熙悦睿府书香,50.16,,,,2350,46.9,,,https://bj.lianjia.com/zufang/BJ2149101919388303360.html,2026-05-02 23:11:10,,
liangxiang,独栋·U乐寓 良乡大学城精装公寓 精装整租开间 家电齐全 押一付一 1室1厅,独栋,U乐寓 良乡大学城精装公寓 精装整租开间 家电齐全 押一付一,,35.00,1室1厅,,,2250-2400,,,,https://bj.lianjia.com/apartment/107654.html,2026-05-02 23:10:52,,
liangxiang,整租·旭辉E天地 2房间 南,整租,旭辉E天地 2房间 南,房山区-良乡-旭辉,38.55,,,,1900,49.3,,,https://bj.lianjia.com/zufang/BJ2099062426711359488.html,2026-05-02 23:14:37,,
liangxiang,整租·旭辉E天地 2房间 复式 北,整租,旭辉E天地 2房间 复式 北,房山区-良乡-旭辉,33.00,,,,1500,45.5,,,https://bj.lianjia.com/zufang/BJ2158403761058349056.html,2026-05-02 23:13:07,,
liangxiang,独栋·安心友家公寓 远洋新仕界 1..精装一居室，临近地铁，随时看房，拎包入住 1室1厅,独栋,安心友家公寓 远洋新仕界 1..精装一居室，临近地铁，随时看房，拎包入住,,30.00,1室1厅,,,1899,63.3,,,https://bj.lianjia.com/apartment/106364.html,2026-05-02 23:10:52,,
liangxiang,独栋·云逸青年社区（北京） 东关家园二店（良乡） 良乡南关站 精装大开间 东向 直租 0中介 1室1厅,独栋,云逸青年社区（北京） 东关家园二店（良乡） 良乡南关站 精装大开间 东向 直租 0中介,,25.00,1室1厅,,,1700,68.0,,,https://bj.lianjia.com/apartment/104163.html,2026-05-02 23:10:54,,
liangxiang,整租·首创伊林郡二期 2室2厅 南,整租,首创伊林郡二期,房山区-良乡-首创伊林郡二期,81.07,2室2厅,南,,3200,39.5,,,https://bj.lianjia.com/zufang/BJ2154569671813103616.html,2026-05-02 23:12:54,,
liangxiang,整租·西潞园一里 3室1厅 南/北,整租,西潞园一里,房山区-良乡-西潞园一里,78.30,3室1厅,南/北,,1700,21.7,,,https://bj.lianjia.com/zufang/BJ2104232552590999552.html,2026-05-02 23:14:37,,
liangxiang,整租·绿地诺亚方舟 2房间 北,整租,绿地诺亚方舟 2房间 北,房山区-良乡-绿地诺亚方舟,39.56,,,,2300,58.1,,,https://bj.lianjia.com/zufang/BJ2137936263842365440.html,2026-05-02 23:10:54,,
liangxiang,整租·旭辉E天地 2房间 西,整租,旭辉E天地 2房间 西,房山区-良乡-旭辉,35.67,,,,2000,56.1,,,https://bj.lianjia.com/zufang/BJ2147205419586551808.html,2026-05-02 23:11:13,,
liangxiang,整租·首创紫悦台 2室1厅 南,整租,首创紫悦台,房山区-良乡-首创紫悦台,74.03,2室1厅,南,,3300,44.6,,,https://bj.lianjia.com/zufang/BJ2155632515715432448.html,2026-05-02 23:14:37,,
liangxiang,整租·首开熙悦睿府书香 3室2厅 南/北,整租,首开熙悦睿府书香,房山区-良乡-首开熙悦睿府书香,106.37,3室2厅,南/北,,4800,45.1,,,https://bj.lianjia.com/zufang/BJ2156783447450845184.html,2026-05-02 23:13:02,,
liangxiang,整租·阳光邑上 3室1厅 东/南,整租,阳光邑上,房山区-良乡-阳光邑上,104.85,3室1厅,东/南,,3200,30.5,,,https://bj.lianjia.com/zufang/BJ2120477304730681344.html,2026-05-02 23:10:54,,
liangxiang,整租·房山超级蜂巢 1室1厅 南,整租,房山超级蜂巢,房山区-良乡-房山超级蜂巢,40.00,1室1厅,南,,1700,42.5,,,https://bj.lianjia.com/zufang/BJ1816522854724796416.html,2026-05-02 23:14:28,,
liangxiang,整租·远洋新仕界 1室1厅 南,整租,远洋新仕界,房山区-良乡-远洋新仕界,56.67,1室1厅,南,,2700,47.6,,,https://bj.lianjia.com/zufang/BJ2137794870461333504.html,2026-05-02 23:12:11,,
liangxiang,整租·远洋新仕界 1室1厅 东/西,整租,远洋新仕界,房山区-良乡-远洋新仕界,27.00,1室1厅,东/西,,2100,77.8,,,https://bj.lianjia.com/zufang/BJ2140027754542792704.html,2026-05-02 23:10:54,,
liangxiang,整租·绿地诺亚方舟 2房间 复式 北,整租,绿地诺亚方舟 2房间 复式 北,房山区-良乡-绿地诺亚方舟,41.05,,,,2415,58.8,,,https://bj.lianjia.com/zufang/BJ2111088919486398464.html,2026-05-02 23:14:37,,
liangxiang,整租·蓝光海悦城 2室1厅 南,整租,蓝光海悦城,房山区-良乡-蓝光海悦城,72.93,2室1厅,南,,3400,46.6,,,https://bj.lianjia.com/zufang/BJ2154081717814558720.html,2026-05-02 23:10:54,,
liangxiang,整租·建鑫园三里 3室2厅 南/北,整租,建鑫园三里,房山区-良乡-建鑫园三里,136.71,3室2厅,南/北,,3300,24.1,,,https://bj.lianjia.com/zufang/BJ2157685263713697792.html,2026-05-02 23:13:02,,
liangxiang,整租·旭辉E天地 2房间 东,整租,旭辉E天地 2房间 东,房山区-良乡-旭辉,36.04,,,,2100,58.3,,,https://bj.lianjia.com/zufang/BJ2085645508084236288.html,2026-05-02 23:14:37,,
liangxiang,整租·绿地诺亚方舟 1室1厅 北,整租,绿地诺亚方舟,房山区-良乡-绿地诺亚方舟,40.00,1室1厅,北,,2600,65.0,,,https://bj.lianjia.com/zufang/BJ2141529450309746688.html,2026-05-02 23:10:54,,
liangxiang,整租·伟业嘉园西里 1室1厅 西,整租,伟业嘉园西里,房山区-良乡-伟业嘉园西里,40.00,1室1厅,西,,1000,25.0,,,https://bj.lianjia.com/zufang/BJ2111350779045478400.html,2026-05-02 23:10:54,,
liangxiang,整租·韩建青春誌 2室1厅 南/北,整租,韩建青春誌,房山区-良乡-韩建青春誌,57.70,2室1厅,南/北,,2625,45.5,,,https://bj.lianjia.com/zufang/BJ1999802906181632000.html,2026-05-02 23:10:54,,
liangxiang,整租·韩建·观山源墅 3室2厅 南,整租,韩建·观山源墅,房山区-良乡-韩建,98.00,3室2厅,南,,4500,45.9,,,https://bj.lianjia.com/zufang/BJ2125103942269403136.html,2026-05-02 23:10:54,,
liangxiang,整租·远洋新仕界 2房间 东,整租,远洋新仕界 2房间 东,房山区-良乡-远洋新仕界,39.27,,,,2000,50.9,,,https://bj.lianjia.com/zufang/BJ2118930884169039872.html,2026-05-02 23:12:11,,
liangxiang,整租·首创伊林郡二期 2室1厅 南/北,整租,首创伊林郡二期,房山区-良乡-首创伊林郡二期,85.09,2室1厅,南/北,,3300,38.8,,,https://bj.lianjia.com/zufang/BJ1979814327498047488.html,2026-05-02 23:14:20,,
liangxiang,整租·苏庄东街10号院 3室1厅 南/北,整租,苏庄东街10号院,房山区-良乡-苏庄东街,107.31,3室1厅,南/北,,3300,30.8,,,https://bj.lianjia.com/zufang/BJ2156418815246729216.html,2026-05-02 23:14:02,,
liangxiang,整租·行宫园 2室1厅 南/北,整租,行宫园,房山区-良乡-行宫园,77.87,2室1厅,南/北,,2000,25.7,,,https://bj.lianjia.com/zufang/BJ2147180292547280896.html,2026-05-02 23:11:10,,
liangxiang,整租·绿湾星苑 3室1厅 南/北,整租,绿湾星苑,房山区-良乡-绿湾星苑,89.49,3室1厅,南/北,,3325,37.2,,,https://bj.lianjia.com/zufang/BJ1930898608987570176.html,2026-05-02 23:14:20,,
liangxiang,整租·一街新家园 2室1厅 南/西,整租,一街新家园,房山区-良乡-一街新家园,80.10,2室1厅,南/西,,3500,43.7,,,https://bj.lianjia.com/zufang/BJ2153387878133006336.html,2026-05-02 23:12:01,,
liangxiang,独栋·首创和园 首创和园良乡大学城时代广场店 五星推荐 国企好房 无中介费立享折上折 直租LOFT 国企 押一付一 1室1厅,独栋,首创和园 首创和园良乡大学城时代广场店 五星推荐 国企好房 无中介费立享折上折 直租LOFT 国企 押一付一,,32.11,1室1厅,,,2430-2590,,,,https://bj.lianjia.com/apartment/37646.html,2026-05-02 23:11:10,,
liangxiang,整租·韩建青春誌 2室1厅 复式 南/北,整租,韩建青春誌,房山区-良乡-韩建青春誌,69.96,2室1厅,,,2700,38.6,,,https://bj.lianjia.com/zufang/BJ2154038105177325568.html,2026-05-02 23:10:54,,
liangxiang,整租·长虹小区 3室1厅 南/北,整租,长虹小区,房山区-良乡-长虹小区,109.16,3室1厅,南/北,,2700,24.7,,,https://bj.lianjia.com/zufang/BJ2043248644756340736.html,2026-05-02 23:11:50,,
liangxiang,独栋·云逸青年社区（北京） 东关家园一店（良乡） 昊天温泉家园昊天公园良乡大学城西 南向采光好 直租 0中介 1室1厅,独栋,云逸青年社区（北京） 东关家园一店（良乡） 昊天温泉家园昊天公园良乡大学城西 南向采光好 直租 0中介,,20.00,1室1厅,,,1400,70.0,,,https://bj.lianjia.com/apartment/103877.html,2026-05-02 23:10:54,,
liangxiang,整租·北京华发中央公园 3室1厅 南,整租,北京华发中央公园,房山区-良乡-北京华发中央公园,85.00,3室1厅,南,,4300,50.6,,,https://bj.lianjia.com/zufang/BJ2118942888724267008.html,2026-05-02 23:12:11,,
liangxiang,整租·远洋新仕界 2房间 西,整租,远洋新仕界 2房间 西,房山区-良乡-远洋新仕界,27.42,,,,2000,72.9,,,https://bj.lianjia.com/zufang/BJ2139661185744633856.html,2026-05-02 23:14:37,,
liangxiang,整租·苏庄二里 2室2厅 南/北,整租,苏庄二里,房山区-良乡-苏庄二里,89.69,2室2厅,南/北,,3200,35.7,,,https://bj.lianjia.com/zufang/BJ2157307614663278592.html,2026-05-02 23:13:02,,
liangxiang,整租·瑞雪春堂 4室2厅 复式 南,整租,瑞雪春堂,房山区-良乡-瑞雪春堂,90.06,4室2厅,,,4900,54.4,,,https://bj.lianjia.com/zufang/BJ2126911996044509184.html,2026-05-02 23:11:40,,
liangxiang,整租·旭辉E天地 2房间 西南,整租,旭辉E天地 2房间 西南,房山区-良乡-旭辉,37.39,,,,2500,66.9,,,https://bj.lianjia.com/zufang/BJ1908117512390705152.html,2026-05-02 23:14:28,,
liangxiang,独栋·相遇 良乡天街店 特价开间户型！入住大礼包！房山线同通勤丰台首选！ 开间,独栋,相遇 良乡天街店 特价开间户型！入住大礼包！房山线同通勤丰台首选！ 开间,,39.00,,,,2200,56.4,,,https://bj.lianjia.com/apartment/91048.html,2026-05-02 23:10:57,,
liangxiang,整租·北京华发中央公园 3室1厅 南,整租,北京华发中央公园,房山区-良乡-北京华发中央公园,84.94,3室1厅,南,,4000,47.1,,,https://bj.lianjia.com/zufang/BJ2148410204742483968.html,2026-05-02 23:11:10,,
liangxiang,整租·伟业嘉园北里 1室0厅 南,整租,伟业嘉园北里,房山区-良乡-伟业嘉园北里,30.00,1室0厅,南,,1200,40.0,,,https://bj.lianjia.com/zufang/BJ2119421295127953408.html,2026-05-02 23:10:57,,
liangxiang,整租·首开熙悦睿府书香 1室1厅 东,整租,首开熙悦睿府书香,房山区-良乡-首开熙悦睿府书香,50.28,1室1厅,东,,2400,47.7,,,https://bj.lianjia.com/zufang/BJ1883029312668434432.html,2026-05-02 23:14:28,,
liangxiang,整租·佳世苑小区 2室1厅 南/北,整租,佳世苑小区,房山区-良乡-佳世苑小区,100.02,2室1厅,南/北,,3200,32.0,,,https://bj.lianjia.com/zufang/BJ2130907827479248896.html,2026-05-02 23:12:06,,
liangxiang,整租·佳世苑小区 2室1厅 南,整租,佳世苑小区,房山区-良乡-佳世苑小区,96.48,2室1厅,南,,3800,39.4,,,https://bj.lianjia.com/zufang/BJ2151580365448282112.html,2026-05-02 23:10:57,,
liangxiang,整租·首开熙悦睿府书香 2房间 北,整租,首开熙悦睿府书香 2房间 北,房山区-良乡-首开熙悦睿府书香,49.64,,,,2300,46.3,,,https://bj.lianjia.com/zufang/BJ2153351598821081088.html,2026-05-02 23:14:37,,
liangxiang,整租·中建学府印悦 2室1厅 东/西,整租,中建学府印悦,房山区-良乡-中建学府印悦,61.10,2室1厅,东/西,,3700,60.6,,,https://bj.lianjia.com/zufang/BJ2155614467830841344.html,2026-05-02 23:14:02,,
liangxiang,整租·东羊庄新村 3室1厅 南/北,整租,东羊庄新村,房山区-良乡-东羊庄新村,106.82,3室1厅,南/北,,3500,32.8,,,https://bj.lianjia.com/zufang/BJ2144035266724102144.html,2026-05-02 23:11:13,,
liangxiang,整租·瑞雪春堂 3室1厅 东/南/北,整租,瑞雪春堂,房山区-良乡-瑞雪春堂,129.87,3室1厅,东/南/北,,4000,30.8,,,https://bj.lianjia.com/zufang/BJ2157018062799241216.html,2026-05-02 23:15:10,,
liangxiang,独栋·寓见你业主自营 远洋春天店 免中介费 自营直租 押一付一 西向一居 1室1厅,独栋,寓见你业主自营 远洋春天店 免中介费 自营直租 押一付一 西向一居,,28.28,1室1厅,,,2100,74.3,,,https://bj.lianjia.com/apartment/93288.html,2026-05-02 23:10:57,,
liangxiang,整租·行宫园 2室1厅 南/北,整租,行宫园,房山区-良乡-行宫园,86.53,2室1厅,南/北,,2500,28.9,,,https://bj.lianjia.com/zufang/BJ2119010920058322944.html,2026-05-02 23:12:11,,
liangxiang,整租·瑞雪春堂 1室0厅 南,整租,瑞雪春堂,房山区-良乡-瑞雪春堂,58.84,1室0厅,南,,2600,44.2,,,https://bj.lianjia.com/zufang/BJ2130999379518029824.html,2026-05-02 23:12:06,,
liangxiang,整租·绿地诺亚方舟 2房间 东,整租,绿地诺亚方舟 2房间 东,房山区-良乡-绿地诺亚方舟,39.27,,,,2400,61.1,,,https://bj.lianjia.com/zufang/BJ2020094594204565504.html,2026-05-02 23:10:57,,
liangxiang,整租·瑞雪春堂 2室1厅 南/北,整租,瑞雪春堂,房山区-良乡-瑞雪春堂,90.00,2室1厅,南/北,,3500,38.9,,,https://bj.lianjia.com/zufang/BJ2148620252534013952.html,2026-05-02 23:11:10,,
liangxiang,整租·聪慧里 3室2厅 南,整租,聪慧里,房山区-良乡-聪慧里,71.90,3室2厅,南,,2800,38.9,,,https://bj.lianjia.com/zufang/BJ2128771508212858880.html,2026-05-02 23:10:57,,
liangxiang,整租·瑞雪春堂 1室1厅 南,整租,瑞雪春堂,房山区-良乡-瑞雪春堂,58.25,1室1厅,南,,2600,44.6,,,https://bj.lianjia.com/zufang/BJ1749038711359668224.html,2026-05-02 23:14:28,,
liangxiang,整租·西潞园二里 3室1厅 南/北,整租,西潞园二里,房山区-良乡-西潞园二里,80.75,3室1厅,南/北,,2400,29.7,,,https://bj.lianjia.com/zufang/BJ2120503230742921216.html,2026-05-02 23:10:57,,
liangxiang,整租·行宫园 3室1厅 东/南/北,整租,行宫园,房山区-良乡-行宫园,95.86,3室1厅,东/南/北,,3200,33.4,,,https://bj.lianjia.com/zufang/BJ2138651315385925632.html,2026-05-02 23:11:00,,
liangxiang,整租·玉竹园 2室1厅 南/北,整租,玉竹园,房山区-良乡-玉竹园,94.49,2室1厅,南/北,,3000,31.7,,,https://bj.lianjia.com/zufang/BJ2018573380961173504.html,2026-05-02 23:11:00,,
liangxiang,整租·蚕种场小区 2室1厅 南/北,整租,蚕种场小区,房山区-良乡-蚕种场小区,80.41,2室1厅,南/北,,2000,24.9,,,https://bj.lianjia.com/zufang/BJ2122271399396507648.html,2026-05-02 23:11:00,,
liangxiang,整租·恒大滨河左岸南区 2室2厅 东,整租,恒大滨河左岸南区,房山区-良乡-恒大滨河左岸南区,81.26,2室2厅,东,,2900,35.7,,,https://bj.lianjia.com/zufang/BJ2016706386951405568.html,2026-05-02 23:11:00,,
liangxiang,整租·北关东路社区 2室1厅 南/北,整租,北关东路社区,房山区-良乡-北关东路社区,56.52,2室1厅,南/北,,2700,47.8,,,https://bj.lianjia.com/zufang/BJ2159210233807765504.html,2026-05-02 23:13:07,,
liangxiang,独栋·云逸青年社区（北京） 清河嘉园店（良乡） 近龙湖天街 国泰百货 一居室 采光好 直租 0中介 1室1厅,独栋,云逸青年社区（北京） 清河嘉园店（良乡） 近龙湖天街 国泰百货 一居室 采光好 直租 0中介,,25.00,1室1厅,,,1800,72.0,,,https://bj.lianjia.com/apartment/103854.html,2026-05-02 23:11:04,,
liangxiang,整租·韩建青春誌 3室2厅 南/北,整租,韩建青春誌,房山区-良乡-韩建青春誌,69.00,3室2厅,南/北,,3300,47.8,,,https://bj.lianjia.com/zufang/BJ2161392896203292672.html,2026-05-02 23:14:02,,
liangxiang,整租·署前街家园 2室1厅 西南,整租,署前街家园,房山区-良乡-署前街家园,80.00,2室1厅,西南,,3000,37.5,,,https://bj.lianjia.com/zufang/BJ2161496134386712576.html,2026-05-02 23:14:02,,
liangxiang,整租·中建·京西印玥 2室2厅 南/北,整租,中建·京西印玥,房山区-良乡-中建,74.38,2室2厅,南/北,,3950,53.1,,,https://bj.lianjia.com/zufang/BJ1957669190198362112.html,2026-05-02 23:14:20,,
liangxiang,整租·恒大滨河左岸南区 3室1厅 南/北,整租,恒大滨河左岸南区,房山区-良乡-恒大滨河左岸南区,86.50,3室1厅,南/北,,3100,35.8,,,https://bj.lianjia.com/zufang/BJ2148703729237360640.html,2026-05-02 23:14:02,,
liangxiang,整租·旭辉E天地 2房间 西北,整租,旭辉E天地 2房间 西北,房山区-良乡-旭辉,37.45,,,,2200,58.7,,,https://bj.lianjia.com/zufang/BJ2158798265221382144.html,2026-05-02 23:14:02,,
liangxiang,整租·昊天嘉园 1室0厅 东北,整租,昊天嘉园,房山区-良乡-昊天嘉园,31.03,1室0厅,东北,,2100,67.7,,,https://bj.lianjia.com/zufang/BJ2149074083105472512.html,2026-05-02 23:15:10,,
liangxiang,整租·京熙润府 3室1厅 南/北,整租,京熙润府,房山区-良乡-京熙润府,99.94,3室1厅,南/北,,5000,50.0,,,https://bj.lianjia.com/zufang/BJ2160606168571969536.html,2026-05-02 23:14:02,,
liangxiang,整租·水岸壹号 2室1厅 东,整租,水岸壹号,房山区-良乡-水岸壹号,74.35,2室1厅,东,,3200,43.0,,,https://bj.lianjia.com/zufang/BJ2159172345585991680.html,2026-05-02 23:13:07,,
liangxiang,整租·房山超级蜂巢 2房间 南,整租,房山超级蜂巢 2房间 南,房山区-良乡-房山超级蜂巢,39.39,,,,1800,45.7,,,https://bj.lianjia.com/zufang/BJ2004544051814072320.html,2026-05-02 23:14:20,,
liangxiang,整租·拱辰北大街 3室2厅 南,整租,拱辰北大街,房山区-良乡-拱辰北大街,139.82,3室2厅,南,,3600,25.7,,,https://bj.lianjia.com/zufang/BJ2143962855274184704.html,2026-05-02 23:11:13,,
liangxiang,整租·北京华发中央公园 3室1厅 南,整租,北京华发中央公园,房山区-良乡-北京华发中央公园,85.23,3室1厅,南,,3800,44.6,,,https://bj.lianjia.com/zufang/BJ2154826647243587584.html,2026-05-02 23:12:54,,
liangxiang,整租·首开熙悦睿府书香 2室1厅 南/北,整租,首开熙悦睿府书香,房山区-良乡-首开熙悦睿府书香,85.25,2室1厅,南/北,,3990,46.8,,,https://bj.lianjia.com/zufang/BJ1825814044808839168.html,2026-05-02 23:14:28,,
liangxiang,整租·吴店西里 2室1厅 南/北,整租,吴店西里,房山区-良乡-吴店西里,107.21,2室1厅,南/北,,2500,23.3,,,https://bj.lianjia.com/zufang/BJ2070776744612200448.html,2026-05-02 23:11:00,,
liangxiang,整租·拱辰星园小区 2室2厅 西南,整租,拱辰星园小区,房山区-良乡-拱辰星园小区,108.56,2室2厅,西南,,3800,35.0,,,https://bj.lianjia.com/zufang/BJ2096846764635062272.html,2026-05-02 23:12:15,,
liangxiang,整租·鸿顺园东区 2室1厅 南/北,整租,鸿顺园东区,房山区-良乡-鸿顺园东区,87.82,2室1厅,南/北,,3623,41.3,,,https://bj.lianjia.com/zufang/BJ1834618920003174400.html,2026-05-02 23:14:28,,
liangxiang,整租·苏庄一里小区 3室1厅 东南,整租,苏庄一里小区,房山区-良乡-苏庄一里小区,104.00,3室1厅,东南,,2600,25.0,,,https://bj.lianjia.com/zufang/BJ2131262437205213184.html,2026-05-02 23:12:06,,
liangxiang,整租·北潞馨家园 2室1厅 南/北,整租,北潞馨家园,房山区-良乡-北潞馨家园,86.17,2室1厅,南/北,,2600,30.2,,,https://bj.lianjia.com/zufang/BJ2105974647559290880.html,2026-05-02 23:11:57,,
liangxiang,整租·佳世苑小区 2室1厅 东/南,整租,佳世苑小区,房山区-良乡-佳世苑小区,103.00,2室1厅,东/南,,2900,28.2,,,https://bj.lianjia.com/zufang/BJ1711328475974991872.html,2026-05-02 23:14:20,,
liangxiang,整租·北潞芳家园 2室1厅 南/北,整租,北潞芳家园,房山区-良乡-北潞芳家园,91.14,2室1厅,南/北,,2700,29.6,,,https://bj.lianjia.com/zufang/BJ2139728527136653312.html,2026-05-02 23:11:00,,
liangxiang,整租·北京时代广场 2房间 西,整租,北京时代广场 2房间 西,房山区-良乡-北京时代广场,35.00,,,,1900,54.3,,,https://bj.lianjia.com/zufang/BJ2089612304311123968.html,2026-05-02 23:14:37,,
liangxiang,整租·蓝光海悦城 3室1厅 南/北,整租,蓝光海悦城,房山区-良乡-蓝光海悦城,85.85,3室1厅,南/北,,3600,41.9,,,https://bj.lianjia.com/zufang/BJ2060315471755870208.html,2026-05-02 23:11:50,,
liangxiang,独栋·云逸青年社区（北京） 南关地铁站店（良乡） 良乡南关特价880就可以拿下整租 独立卫浴 家电齐全 1室1厅,独栋,云逸青年社区（北京） 南关地铁站店（良乡） 良乡南关特价880就可以拿下整租 独立卫浴 家电齐全,,20.00,1室1厅,,,1080,54.0,,,https://bj.lianjia.com/apartment/104776.html,2026-05-02 23:11:00,,
liangxiang,整租·供电局良乡家属院 3室1厅 南/北,整租,供电局良乡家属院,房山区-良乡-供电局良乡家属院,96.50,3室1厅,南/北,,2250,23.3,,,https://bj.lianjia.com/zufang/BJ2120453189642747904.html,2026-05-02 23:11:04,,
liangxiang,整租·西潞园三里 2室1厅 南/北,整租,西潞园三里,房山区-良乡-西潞园三里,79.76,2室1厅,南/北,,2600,32.6,,,https://bj.lianjia.com/zufang/BJ2124041222208094208.html,2026-05-02 23:11:04,,
liangxiang,整租·中建学府印悦二期 2室1厅 南/北,整租,中建学府印悦二期,房山区-良乡-中建学府印悦二期,73.23,2室1厅,南/北,,3900,53.3,,,https://bj.lianjia.com/zufang/BJ2119652914094931968.html,2026-05-02 23:11:04,,
liangxiang,整租·聪慧里 3室1厅 南/北,整租,聪慧里,房山区-良乡-聪慧里,70.24,3室1厅,南/北,,2600,37.0,,,https://bj.lianjia.com/zufang/BJ2129827659033608192.html,2026-05-02 23:11:04,,
liangxiang,整租·水岸壹号 2室1厅 东/西,整租,水岸壹号,房山区-良乡-水岸壹号,74.35,2室1厅,东/西,,3200,43.0,,,https://bj.lianjia.com/zufang/BJ2142184706546860032.html,2026-05-02 23:11:04,,
liangxiang,整租·房山超级蜂巢 2房间 南,整租,房山超级蜂巢 2房间 南,房山区-良乡-房山超级蜂巢,41.29,,,,1700,41.2,,,https://bj.lianjia.com/zufang/BJ1900191237453905920.html,2026-05-02 23:14:28,,
liangxiang,整租·北潞华家园 3室1厅 南/北,整租,北潞华家园,房山区-良乡-北潞华家园,119.46,3室1厅,南/北,,2700,22.6,,,https://bj.lianjia.com/zufang/BJ2120021322640654336.html,2026-05-02 23:11:04,,
liangxiang,整租·瑞雪春堂 3房间 复式 东,整租,瑞雪春堂 3房间 复式 东,房山区-良乡-瑞雪春堂,42.46,,,,2000,47.1,,,https://bj.lianjia.com/zufang/BJ2120874663637680128.html,2026-05-02 23:11:04,,
liangxiang,整租·昊天大街118号 1室1厅 南/北,整租,昊天大街118号,房山区-良乡-昊天大街,46.85,1室1厅,南/北,,1900,40.6,,,https://bj.lianjia.com/zufang/BJ2116060689373069312.html,2026-05-02 23:12:11,,
liangxiang,整租·远洋新仕界 1室1厅 西,整租,远洋新仕界,房山区-良乡-远洋新仕界,27.28,1室1厅,西,,2300,84.3,,,https://bj.lianjia.com/zufang/BJ2148683349307162624.html,2026-05-02 23:11:10,,
liangxiang,整租·旭辉E天地 3房间 东/北,整租,旭辉E天地 3房间 东/北,房山区-良乡-旭辉,45.98,,,,2400,52.2,,,https://bj.lianjia.com/zufang/BJ2140336989382115328.html,2026-05-02 23:11:04,,
liangxiang,整租·行宫园 1室1厅 南/北,整租,行宫园,房山区-良乡-行宫园,60.00,1室1厅,南/北,,2200,36.7,,,https://bj.lianjia.com/zufang/BJ2019410865521950720.html,2026-05-02 23:11:50,,
liangxiang,整租·苏庄二里 2室1厅 南/北,整租,苏庄二里,房山区-良乡-苏庄二里,86.72,2室1厅,南/北,,3000,34.6,,,https://bj.lianjia.com/zufang/BJ2154837599808651264.html,2026-05-02 23:12:54,,
liangxiang,整租·昊天温泉家园 2室1厅 南/北,整租,昊天温泉家园,房山区-良乡-昊天温泉家园,74.31,2室1厅,南/北,,2600,35.0,,,https://bj.lianjia.com/zufang/BJ2138928947335790592.html,2026-05-02 23:14:02,,
liangxiang,整租·西潞园二里 2室1厅 南,整租,西潞园二里,房山区-良乡-西潞园二里,66.78,2室1厅,南,,1900,28.5,,,https://bj.lianjia.com/zufang/BJ2078863234898591744.html,2026-05-02 23:12:15,,
liangxiang,整租·玉竹园小区一里 2室1厅 东,整租,玉竹园小区一里,房山区-良乡-玉竹园小区一里,83.00,2室1厅,东,,2800,33.7,,,https://bj.lianjia.com/zufang/BJ2157737528956813312.html,2026-05-02 23:13:02,,
liangxiang,整租·玉竹园小区一里 2室1厅 东南,整租,玉竹园小区一里,房山区-良乡-玉竹园小区一里,103.58,2室1厅,东南,,3000,29.0,,,https://bj.lianjia.com/zufang/BJ2112883385964691456.html,2026-05-02 23:11:53,,
liangxiang,整租·瑞雪春堂 1室1厅 南,整租,瑞雪春堂,房山区-良乡-瑞雪春堂,71.00,1室1厅,南,,2600,36.6,,,https://bj.lianjia.com/zufang/BJ2154570549769011200.html,2026-05-02 23:12:54,,
liangxiang,整租·西北关200号院 1室1厅 南,整租,西北关200号院,房山区-良乡-西北关,42.52,1室1厅,南,,2000,47.0,,,https://bj.lianjia.com/zufang/BJ2108534351208644608.html,2026-05-02 23:11:04,,
liangxiang,整租·远洋新仕界 2室1厅 东南,整租,远洋新仕界,房山区-良乡-远洋新仕界,74.20,2室1厅,东南,,3600,48.5,,,https://bj.lianjia.com/zufang/BJ2156312430123155456.html,2026-05-02 23:12:54,,
liangxiang,整租·昊天温泉家园 2室1厅 南/北,整租,昊天温泉家园,房山区-良乡-昊天温泉家园,71.60,2室1厅,南/北,,2150,30.0,,,https://bj.lianjia.com/zufang/BJ2102597118647599104.html,2026-05-02 23:11:57,,
liangxiang,整租·玉竹园 3室1厅 南/北,整租,玉竹园,房山区-良乡-玉竹园,94.99,3室1厅,南/北,,3500,36.8,,,https://bj.lianjia.com/zufang/BJ2158118869107998720.html,2026-05-02 23:13:07,,
liangxiang,独栋·云逸青年社区（北京） 明德紫荆店（良乡） 良乡大学城 小户型 家电齐全精装落地窗 免费健身房 免费停车 1室1厅,独栋,云逸青年社区（北京） 明德紫荆店（良乡） 良乡大学城 小户型 家电齐全精装落地窗 免费健身房 免费停车,,28.00,1室1厅,,,2150,76.8,,,https://bj.lianjia.com/apartment/104813.html,2026-05-02 23:11:04,,
liangxiang,整租·蓝光海悦城 2室1厅 南,整租,蓝光海悦城,房山区-良乡-蓝光海悦城,69.34,2室1厅,南,,3000,43.3,,,https://bj.lianjia.com/zufang/BJ2145859678649712640.html,2026-05-02 23:12:01,,
liangxiang,整租·首创伊林郡一期 2室1厅 南,整租,首创伊林郡一期,房山区-良乡-首创伊林郡一期,80.92,2室1厅,南,,3000,37.1,,,https://bj.lianjia.com/zufang/BJ2076524567437770752.html,2026-05-02 23:11:16,,
liangxiang,整租·伟业嘉园西里 1室1厅 南,整租,伟业嘉园西里,房山区-良乡-伟业嘉园西里,51.52,1室1厅,南,,2500,48.5,,,https://bj.lianjia.com/zufang/BJ2151624541665755136.html,2026-05-02 23:11:07,,
liangxiang,整租·恒大滨河左岸北区 2室1厅 南,整租,恒大滨河左岸北区,房山区-良乡-恒大滨河左岸北区,84.02,2室1厅,南,,2300,27.4,,,https://bj.lianjia.com/zufang/BJ2100910822069895168.html,2026-05-02 23:12:15,,
liangxiang,整租·西潞园二里 2室1厅 南/北,整租,西潞园二里,房山区-良乡-西潞园二里,66.78,2室1厅,南/北,,2500,37.4,,,https://bj.lianjia.com/zufang/BJ2122188081372069888.html,2026-05-02 23:11:07,,
liangxiang,整租·远洋新仕界 2室1厅 南,整租,远洋新仕界,房山区-良乡-远洋新仕界,75.00,2室1厅,南,,3600,48.0,,,https://bj.lianjia.com/zufang/BJ2137501678151139328.html,2026-05-02 23:12:11,,
liangxiang,整租·新建巷小区 2室1厅 南/北,整租,新建巷小区,房山区-良乡-新建巷小区,47.82,2室1厅,南/北,,2000,41.8,,,https://bj.lianjia.com/zufang/BJ2096011561016492032.html,2026-05-02 23:11:07,,
liangxiang,整租·玉竹园小区一里 1室0厅 南,整租,玉竹园小区一里,房山区-良乡-玉竹园小区一里,43.92,1室0厅,南,,1300,29.6,,,https://bj.lianjia.com/zufang/BJ2142183059343015936.html,2026-05-02 23:11:07,,
liangxiang,整租·水岸壹号 4室2厅 南/北,整租,水岸壹号,房山区-良乡-水岸壹号,139.79,4室2厅,南/北,,6500,46.5,,,https://bj.lianjia.com/zufang/BJ2144450565885657088.html,2026-05-02 23:14:02,,
liangxiang,整租·西兰岛 2室1厅 南/北,整租,西兰岛,房山区-良乡-西兰岛,95.79,2室1厅,南/北,,3300,34.5,,,https://bj.lianjia.com/zufang/BJ2138320214448668672.html,2026-05-02 23:12:11,,
liangxiang,整租·一万米家园 4室2厅 南/北,整租,一万米家园,房山区-良乡-一万米家园,161.00,4室2厅,南/北,,4200,26.1,,,https://bj.lianjia.com/zufang/BJ2149491161041993728.html,2026-05-02 23:11:40,,
liangxiang,整租·首创伊林郡二期 1室1厅 南,整租,首创伊林郡二期,房山区-良乡-首创伊林郡二期,45.00,1室1厅,南,,2200,48.9,,,https://bj.lianjia.com/zufang/BJ2121919799620534272.html,2026-05-02 23:11:07,,
liangxiang,整租·玉竹园 2室1厅 南/北,整租,玉竹园,房山区-良乡-玉竹园,106.00,2室1厅,南/北,,3200,30.2,,,https://bj.lianjia.com/zufang/BJ2157373878085615616.html,2026-05-02 23:13:02,,
liangxiang,整租·佳世苑小区 2室1厅 西南,整租,佳世苑小区,房山区-良乡-佳世苑小区,102.43,2室1厅,西南,,3300,32.2,,,https://bj.lianjia.com/zufang/BJ2140799383665377280.html,2026-05-02 23:11:07,,
liangxiang,整租·安盛家园 2室1厅 南/北,整租,安盛家园,房山区-良乡-安盛家园,75.00,2室1厅,南/北,,3050,40.7,,,https://bj.lianjia.com/zufang/BJ2120882019964551168.html,2026-05-02 23:11:07,,
liangxiang,整租·阳光邑上 4室2厅 复式 东/北,整租,阳光邑上,房山区-良乡-阳光邑上,157.00,4室2厅,,,6000,38.2,,,https://bj.lianjia.com/zufang/BJ2060667013071634432.html,2026-05-02 23:11:07,,
liangxiang,整租·北京建工·揽星宸 3室2厅 南/北,整租,北京建工·揽星宸,房山区-良乡-北京建工,93.00,3室2厅,南/北,,5600,60.2,,,https://bj.lianjia.com/zufang/BJ2154851692485541888.html,2026-05-02 23:12:54,,
liangxiang,整租·瑞雪春堂 1室0厅 南,整租,瑞雪春堂,房山区-良乡-瑞雪春堂,50.00,1室0厅,南,,2800,56.0,,,https://bj.lianjia.com/zufang/BJ1998964617505669120.html,2026-05-02 23:11:07,,
liangxiang,整租·建设巷小区 1室1厅 南,整租,建设巷小区,房山区-良乡-建设巷小区,52.07,1室1厅,南,,1900,36.5,,,https://bj.lianjia.com/zufang/BJ2146608320696287232.html,2026-05-02 23:12:01,,
liangxiang,整租·玉竹园 2室1厅 南/北,整租,玉竹园,房山区-良乡-玉竹园,83.36,2室1厅,南/北,,2600,31.2,,,https://bj.lianjia.com/zufang/BJ2151941559275225088.html,2026-05-02 23:11:07,,
liangxiang,整租·北京华发中央公园 3室1厅 南/北,整租,北京华发中央公园,房山区-良乡-北京华发中央公园,89.00,3室1厅,南/北,,3800,42.7,,,https://bj.lianjia.com/zufang/BJ2161679372749111296.html,2026-05-02 23:14:02,,
liangxiang,整租·瑞雪春堂 2室1厅 南/北,整租,瑞雪春堂,房山区-良乡-瑞雪春堂,89.08,2室1厅,南/北,,3200,35.9,,,https://bj.lianjia.com/zufang/BJ2155865672196816896.html,2026-05-02 23:14:02,,
liangxiang,整租·首开熙悦睿府书香 2房间 南,整租,首开熙悦睿府书香 2房间 南,房山区-良乡-首开熙悦睿府书香,47.14,,,,2400,50.9,,,https://bj.lianjia.com/zufang/BJ2161421367403085824.html,2026-05-02 23:14:02,,
liangxiang,整租·北京时代广场 2房间 西,整租,北京时代广场 2房间 西,房山区-良乡-北京时代广场,36.80,,,,1900,51.6,,,https://bj.lianjia.com/zufang/BJ2161019620046143488.html,2026-05-02 23:14:02,,
liangxiang,整租·智汇雅苑 2室1厅 南/北,整租,智汇雅苑,房山区-良乡-智汇雅苑,89.41,2室1厅,南/北,,3700,41.4,,,https://bj.lianjia.com/zufang/BJ2150819610931232768.html,2026-05-02 23:11:07,,
liangxiang,整租·四合巷小区 2室1厅 南/北,整租,四合巷小区,房山区-良乡-四合巷小区,80.24,2室1厅,南/北,,2400,29.9,,,https://bj.lianjia.com/zufang/BJ2121564712675049472.html,2026-05-02 23:11:07,,
liangxiang,整租·金地璟宸 3室2厅 南/北,整租,金地璟宸,房山区-良乡-金地璟宸,98.00,3室2厅,南/北,,3000,30.6,,,https://bj.lianjia.com/zufang/BJ2096008879560196096.html,2026-05-02 23:11:07,,
liangxiang,整租·绿地诺亚方舟 2房间 北,整租,绿地诺亚方舟 2房间 北,房山区-良乡-绿地诺亚方舟,49.45,,,,2800,56.6,,,https://bj.lianjia.com/zufang/BJ2146617011898155008.html,2026-05-02 23:12:01,,
liangxiang,整租·鸿顺园东区 1室1厅 东/西,整租,鸿顺园东区,房山区-良乡-鸿顺园东区,62.00,1室1厅,东/西,,3000,48.4,,,https://bj.lianjia.com/zufang/BJ2146624899920166912.html,2026-05-02 23:12:01,,
liangxiang,整租·旭辉E天地 2房间 南,整租,旭辉E天地 2房间 南,房山区-良乡-旭辉,38.72,,,,2400,62.0,,,https://bj.lianjia.com/zufang/BJ2146821662463492096.html,2026-05-02 23:11:10,,
liangxiang,整租·佳世苑小区 2室1厅 南/北,整租,佳世苑小区,房山区-良乡-佳世苑小区,96.48,2室1厅,南/北,,3500,36.3,,,https://bj.lianjia.com/zufang/BJ2146907221802352640.html,2026-05-02 23:11:10,,
liangxiang,整租·中建·北京国贤府 3室2厅 南,整租,中建·北京国贤府,房山区-良乡-中建,105.00,3室2厅,南,,6000,57.1,,,https://bj.lianjia.com/zufang/BJ2146908277403811840.html,2026-05-02 23:11:10,,
liangxiang,整租·月华小区 2室1厅 南/北,整租,月华小区,房山区-良乡-月华小区,81.48,2室1厅,南/北,,2500,30.7,,,https://bj.lianjia.com/zufang/BJ2147673968864133120.html,2026-05-02 23:11:10,,
liangxiang,整租·佳世苑小区 2室1厅 南/北,整租,佳世苑小区,房山区-良乡-佳世苑小区,87.23,2室1厅,南/北,,3000,34.4,,,https://bj.lianjia.com/zufang/BJ2147976569035948032.html,2026-05-02 23:11:10,,
liangxiang,整租·昊天温泉家园 3室1厅 南/北,整租,昊天温泉家园,房山区-良乡-昊天温泉家园,91.85,3室1厅,南/北,,2700,29.4,,,https://bj.lianjia.com/zufang/BJ2148080915522256896.html,2026-05-02 23:11:10,,
liangxiang,整租·拱辰南大街 2室1厅 南/北,整租,拱辰南大街,房山区-良乡-拱辰南大街,92.25,2室1厅,南/北,,3200,34.7,,,https://bj.lianjia.com/zufang/BJ2148258841651838976.html,2026-05-02 23:11:10,,
liangxiang,整租·聪慧里 2室1厅 南/北,整租,聪慧里,房山区-良乡-聪慧里,65.91,2室1厅,南/北,,2600,39.4,,,https://bj.lianjia.com/zufang/BJ2148303416412078080.html,2026-05-02 23:11:10,,
liangxiang,整租·聪慧里 3室1厅 南/北,整租,聪慧里,房山区-良乡-聪慧里,70.32,3室1厅,南/北,,3000,42.7,,,https://bj.lianjia.com/zufang/BJ2148391301807079424.html,2026-05-02 23:11:10,,
liangxiang,整租·四合巷小区 2室1厅 南/北,整租,四合巷小区,房山区-良乡-四合巷小区,64.70,2室1厅,南/北,,2600,40.2,,,https://bj.lianjia.com/zufang/BJ2148631234345959424.html,2026-05-02 23:11:10,,
liangxiang,整租·北京时代广场 2房间 南,整租,北京时代广场 2房间 南,房山区-良乡-北京时代广场,50.36,,,,2600,51.6,,,https://bj.lianjia.com/zufang/BJ2148755347693633536.html,2026-05-02 23:11:10,,
liangxiang,整租·绿地诺亚方舟 1房间 西,整租,绿地诺亚方舟 1房间 西,房山区-良乡-绿地诺亚方舟,50.14,,,,2600,51.9,,,https://bj.lianjia.com/zufang/BJ2149367522271428608.html,2026-05-02 23:11:40,,
liangxiang,整租·首开熙悦睿府书香 2房间 南,整租,首开熙悦睿府书香 2房间 南,房山区-良乡-首开熙悦睿府书香,50.00,,,,2320,46.4,,,https://bj.lianjia.com/zufang/BJ2149338816408715264.html,2026-05-02 23:11:10,,
liangxiang,整租·西兰岛 2室1厅 南/北,整租,西兰岛,房山区-良乡-西兰岛,107.90,2室1厅,南/北,,3500,32.4,,,https://bj.lianjia.com/zufang/BJ2149452371892109312.html,2026-05-02 23:11:40,,
liangxiang,整租·西潞园二里 3室1厅 南/北,整租,西潞园二里,房山区-良乡-西潞园二里,78.24,3室1厅,南/北,,2800,35.8,,,https://bj.lianjia.com/zufang/BJ2149729516216385536.html,2026-05-02 23:11:40,,
liangxiang,整租·旭辉E天地 2房间 北,整租,旭辉E天地 2房间 北,房山区-良乡-旭辉,33.50,,,,2100,62.7,,,https://bj.lianjia.com/zufang/BJ2149448794033356800.html,2026-05-02 23:11:40,,
liangxiang,整租·鸿顺园西区 3室2厅 南/北,整租,鸿顺园西区,房山区-良乡-鸿顺园西区,118.26,3室2厅,南/北,,4000,33.8,,,https://bj.lianjia.com/zufang/BJ2143946002594267136.html,2026-05-02 23:11:13,,
liangxiang,整租·伟业嘉园西里 4室2厅 复式 西北,整租,伟业嘉园西里,房山区-良乡-伟业嘉园西里,125.31,4室2厅,,,3500,27.9,,,https://bj.lianjia.com/zufang/BJ2143925650711379968.html,2026-05-02 23:11:13,,
liangxiang,整租·首创紫悦台 2房间 北,整租,首创紫悦台 2房间 北,房山区-良乡-首创紫悦台,29.99,,,,2600,86.7,,,https://bj.lianjia.com/zufang/BJ2143949012464566272.html,2026-05-02 23:11:13,,
liangxiang,整租·昊文温泉家园 2室1厅 南/北,整租,昊文温泉家园,房山区-良乡-昊文温泉家园,56.37,2室1厅,南/北,,1700,30.2,,,https://bj.lianjia.com/zufang/BJ2143938719856459776.html,2026-05-02 23:11:13,,
liangxiang,整租·绿地诺亚方舟 2房间 南/北,整租,绿地诺亚方舟 2房间 南/北,房山区-良乡-绿地诺亚方舟,50.52,,,,3000,59.4,,,https://bj.lianjia.com/zufang/BJ2143916725958082560.html,2026-05-02 23:11:13,,
liangxiang,整租·西潞园四里 2室1厅 南/北,整租,西潞园四里,房山区-良乡-西潞园四里,68.16,2室1厅,南/北,,2500,36.7,,,https://bj.lianjia.com/zufang/BJ2143951688476655616.html,2026-05-02 23:11:13,,
liangxiang,整租·隆曦园C区 2室1厅 南/北,整租,隆曦园C区,房山区-良乡-隆曦园,102.00,2室1厅,南/北,,2300,22.5,,,https://bj.lianjia.com/zufang/BJ2144010228952203264.html,2026-05-02 23:11:13,,
liangxiang,整租·佳世苑小区 3室1厅 南/北,整租,佳世苑小区,房山区-良乡-佳世苑小区,102.00,3室1厅,南/北,,3000,29.4,,,https://bj.lianjia.com/zufang/BJ2144287809114996736.html,2026-05-02 23:11:13,,
liangxiang,整租·旭辉E天地 2房间 北,整租,旭辉E天地 2房间 北,房山区-良乡-旭辉,31.49,,,,2100,66.7,,,https://bj.lianjia.com/zufang/BJ2144281126628229120.html,2026-05-02 23:11:13,,
liangxiang,整租·绿地诺亚方舟 1房间 西,整租,绿地诺亚方舟 1房间 西,房山区-良乡-绿地诺亚方舟,50.14,,,,2600,51.9,,,https://bj.lianjia.com/zufang/BJ2144120110200127488.html,2026-05-02 23:11:13,,
liangxiang,整租·绿地诺亚方舟 1室1厅 北,整租,绿地诺亚方舟,房山区-良乡-绿地诺亚方舟,40.00,1室1厅,北,,2500,62.5,,,https://bj.lianjia.com/zufang/BJ2145421910836510720.html,2026-05-02 23:12:01,,
liangxiang,整租·苏庄二里 1室1厅 西,整租,苏庄二里,房山区-良乡-苏庄二里,104.22,1室1厅,西,,8500,81.6,,,https://bj.lianjia.com/zufang/BJ2146131153004789760.html,2026-05-02 23:12:01,,
liangxiang,整租·建设巷小区 3室1厅 南/西/北,整租,建设巷小区,房山区-良乡-建设巷小区,62.53,3室1厅,南/西/北,,2200,35.2,,,https://bj.lianjia.com/zufang/BJ2146822086071418880.html,2026-05-02 23:11:13,,
liangxiang,整租·月华小区 2室1厅 南/北,整租,月华小区,房山区-良乡-月华小区,81.50,2室1厅,南/北,,2600,31.9,,,https://bj.lianjia.com/zufang/BJ2146923284225064960.html,2026-05-02 23:11:13,,
liangxiang,整租·苏庄一里小区 3室1厅 南/北,整租,苏庄一里小区,房山区-良乡-苏庄一里小区,117.08,3室1厅,南/北,,3500,29.9,,,https://bj.lianjia.com/zufang/BJ2146940642649964544.html,2026-05-02 23:12:01,,
liangxiang,整租·旭辉E天地 2房间 北,整租,旭辉E天地 2房间 北,房山区-良乡-旭辉,32.05,,,,2100,65.5,,,https://bj.lianjia.com/zufang/BJ2146948725421899776.html,2026-05-02 23:11:13,,
liangxiang,整租·绿地诺亚方舟 1房间 东/南,整租,绿地诺亚方舟 1房间 东/南,房山区-良乡-绿地诺亚方舟,44.79,,,,2600,58.0,,,https://bj.lianjia.com/zufang/BJ2147006872958271488.html,2026-05-02 23:11:13,,
liangxiang,整租·黄辛庄东里 2室1厅 南/北,整租,黄辛庄东里,房山区-良乡-黄辛庄东里,83.83,2室1厅,南/北,,2200,26.2,,,https://bj.lianjia.com/zufang/BJ2146941714730844160.html,2026-05-02 23:11:13,,
liangxiang,整租·旭辉E天地 2房间 南,整租,旭辉E天地 2房间 南,房山区-良乡-旭辉,35.73,,,,2300,64.4,,,https://bj.lianjia.com/zufang/BJ2147181297447993344.html,2026-05-02 23:11:13,,
liangxiang,整租·远洋新仕界 1室1厅 南,整租,远洋新仕界,房山区-良乡-远洋新仕界,56.90,1室1厅,南,,2800,49.2,,,https://bj.lianjia.com/zufang/BJ2147232353947222016.html,2026-05-02 23:11:13,,
liangxiang,整租·鸿顺园东区 1室1厅 南,整租,鸿顺园东区,房山区-良乡-鸿顺园东区,46.00,1室1厅,南,,2500,54.3,,,https://bj.lianjia.com/zufang/BJ2147309908754694144.html,2026-05-02 23:11:13,,
liangxiang,整租·苏庄一里小区 2室2厅 南/北,整租,苏庄一里小区,房山区-良乡-苏庄一里小区,90.22,2室2厅,南/北,,2900,32.1,,,https://bj.lianjia.com/zufang/BJ2147603765119680512.html,2026-05-02 23:11:13,,
liangxiang,整租·蓝光海悦城 1室1厅 东,整租,蓝光海悦城,房山区-良乡-蓝光海悦城,55.59,1室1厅,东,,2600,46.8,,,https://bj.lianjia.com/zufang/BJ2147902278768525312.html,2026-05-02 23:11:13,,
liangxiang,整租·黄辛庄东里 2室1厅 南/西北,整租,黄辛庄东里,房山区-良乡-黄辛庄东里,80.07,2室1厅,南/西北,,2300,28.7,,,https://bj.lianjia.com/zufang/BJ2147915688117796864.html,2026-05-02 23:11:13,,
liangxiang,整租·绿地诺亚方舟 2房间 东南,整租,绿地诺亚方舟 2房间 东南,房山区-良乡-绿地诺亚方舟,44.79,,,,2500,55.8,,,https://bj.lianjia.com/zufang/BJ2147955683755032576.html,2026-05-02 23:11:13,,
liangxiang,整租·旭辉E天地 2房间 复式 北,整租,旭辉E天地 2房间 复式 北,房山区-良乡-旭辉,36.56,,,,2600,71.1,,,https://bj.lianjia.com/zufang/BJ2147947281284857856.html,2026-05-02 23:11:13,,
liangxiang,整租·行宫园 2室1厅 南/北,整租,行宫园,房山区-良乡-行宫园,71.64,2室1厅,南/北,,2400,33.5,,,https://bj.lianjia.com/zufang/BJ2148003786679910400.html,2026-05-02 23:11:13,,
liangxiang,整租·首创伊林郡二期 2室1厅 南,整租,首创伊林郡二期,房山区-良乡-首创伊林郡二期,79.80,2室1厅,南,,3600,45.1,,,https://bj.lianjia.com/zufang/BJ2148080467071467520.html,2026-05-02 23:11:16,,
liangxiang,整租·绿地诺亚方舟 1房间 南,整租,绿地诺亚方舟 1房间 南,房山区-良乡-绿地诺亚方舟,153.15,,,,14000,91.4,,,https://bj.lianjia.com/zufang/BJ2148330070031204352.html,2026-05-02 23:11:16,,
liangxiang,整租·韩建青春誌 3室1厅 南/西/北,整租,韩建青春誌,房山区-良乡-韩建青春誌,120.25,3室1厅,南/西/北,,4300,35.8,,,https://bj.lianjia.com/zufang/BJ2148284853974466560.html,2026-05-02 23:11:16,,
liangxiang,整租·韩建青春誌 3室1厅 南/北,整租,韩建青春誌,房山区-良乡-韩建青春誌,120.25,3室1厅,南/北,,5000,41.6,,,https://bj.lianjia.com/zufang/BJ2039556265562079232.html,2026-05-02 23:11:50,,
liangxiang,整租·北潞馨家园 2室1厅 南/北,整租,北潞馨家园,房山区-良乡-北潞馨家园,91.95,2室1厅,南/北,,2850,31.0,,,https://bj.lianjia.com/zufang/BJ2046803176253816832.html,2026-05-02 23:11:50,,
liangxiang,整租·西潞园一里 3室1厅 南/北,整租,西潞园一里,房山区-良乡-西潞园一里,80.23,3室1厅,南/北,,2000,24.9,,,https://bj.lianjia.com/zufang/BJ2044326010169589760.html,2026-05-02 23:11:50,,
liangxiang,整租·房山超级蜂巢 3房间 西,整租,房山超级蜂巢 3房间 西,房山区-良乡-房山超级蜂巢,58.15,,,,2300,39.6,,,https://bj.lianjia.com/zufang/BJ2043652697134989312.html,2026-05-02 23:11:50,,
liangxiang,整租·兴家小区 2室2厅 东/西,整租,兴家小区,房山区-良乡-兴家小区,80.74,2室2厅,东/西,,3500,43.3,,,https://bj.lianjia.com/zufang/BJ2045069177038831616.html,2026-05-02 23:11:16,,
liangxiang,整租·西潞园四里 1室1厅 南/北,整租,西潞园四里,房山区-良乡-西潞园四里,51.26,1室1厅,南/北,,1700,33.2,,,https://bj.lianjia.com/zufang/BJ2050788590459289600.html,2026-05-02 23:11:16,,
liangxiang,整租·北关东路社区 2室1厅 南,整租,北关东路社区,房山区-良乡-北关东路社区,50.02,2室1厅,南,,1970,39.4,,,https://bj.lianjia.com/zufang/BJ2052254202767343616.html,2026-05-02 23:11:50,,
liangxiang,整租·玉竹园小区一里 2室1厅 东/南,整租,玉竹园小区一里,房山区-良乡-玉竹园小区一里,149.94,2室1厅,东/南,,3800,25.3,,,https://bj.lianjia.com/zufang/BJ2058873850434682880.html,2026-05-02 23:11:16,,
liangxiang,整租·西兰岛 4室3厅 复式 南/北,整租,西兰岛,房山区-良乡-西兰岛,168.90,4室3厅,,,5800,34.3,,,https://bj.lianjia.com/zufang/BJ2059481177353355264.html,2026-05-02 23:11:16,,
liangxiang,整租·瑞雪春堂 2室1厅 东,整租,瑞雪春堂,房山区-良乡-瑞雪春堂,90.67,2室1厅,东,,5400,59.6,,,https://bj.lianjia.com/zufang/BJ2060657619034439680.html,2026-05-02 23:11:50,,
liangxiang,整租·旭辉E天地 2房间 北,整租,旭辉E天地 2房间 北,房山区-良乡-旭辉,34.86,,,,2450,70.3,,,https://bj.lianjia.com/zufang/BJ2060609274760921088.html,2026-05-02 23:11:50,,
liangxiang,整租·首创伊林郡一期 4室2厅 南,整租,首创伊林郡一期,房山区-良乡-首创伊林郡一期,112.81,4室2厅,南,,4000,35.5,,,https://bj.lianjia.com/zufang/BJ2061385604968480768.html,2026-05-02 23:11:50,,
liangxiang,整租·苏庄一里小区 2室1厅 南/北,整租,苏庄一里小区,房山区-良乡-苏庄一里小区,88.56,2室1厅,南/北,,2600,29.4,,,https://bj.lianjia.com/zufang/BJ2061782500987895808.html,2026-05-02 23:11:50,,
liangxiang,整租·昊天温泉家园 2室1厅 南/北,整租,昊天温泉家园,房山区-良乡-昊天温泉家园,92.71,2室1厅,南/北,,2400,25.9,,,https://bj.lianjia.com/zufang/BJ2062551341468745728.html,2026-05-02 23:11:16,,
liangxiang,整租·西潞东里社区 2室1厅 东/西,整租,西潞东里社区,房山区-良乡-西潞东里社区,127.48,2室1厅,东/西,,5200,40.8,,,https://bj.lianjia.com/zufang/BJ2062895634939117568.html,2026-05-02 23:11:16,,
liangxiang,整租·体育场路26号院 2室1厅 南/北,整租,体育场路26号院,房山区-良乡-体育场路,57.55,2室1厅,南/北,,2300,40.0,,,https://bj.lianjia.com/zufang/BJ2063592903418052608.html,2026-05-02 23:11:16,,
liangxiang,整租·文化路社区 2室1厅 南,整租,文化路社区,房山区-良乡-文化路社区,34.74,2室1厅,南,,2000,57.6,,,https://bj.lianjia.com/zufang/BJ2063578973811507200.html,2026-05-02 23:11:16,,
liangxiang,整租·瑞雪春堂 2室1厅 南,整租,瑞雪春堂,房山区-良乡-瑞雪春堂,71.49,2室1厅,南,,2800,39.2,,,https://bj.lianjia.com/zufang/BJ2065000450695888896.html,2026-05-02 23:11:16,,
liangxiang,整租·绿地诺亚方舟 2房间 南,整租,绿地诺亚方舟 2房间 南,房山区-良乡-绿地诺亚方舟,246.62,,,,7000,28.4,,,https://bj.lianjia.com/zufang/BJ2072570306496561152.html,2026-05-02 23:11:16,,
liangxiang,整租·阳光邑上 3室1厅 西南,整租,阳光邑上,房山区-良乡-阳光邑上,98.72,3室1厅,西南,,4100,41.5,,,https://bj.lianjia.com/zufang/BJ2072877115451113472.html,2026-05-02 23:11:16,,
liangxiang,整租·时尚家园 2室1厅 南/北,整租,时尚家园,房山区-良乡-时尚家园,118.44,2室1厅,南/北,,3500,29.6,,,https://bj.lianjia.com/zufang/BJ2076191987001720832.html,2026-05-02 23:12:15,,
liangxiang,整租·玉竹园 2室1厅 南/北,整租,玉竹园,房山区-良乡-玉竹园,95.64,2室1厅,南/北,,2700,28.2,,,https://bj.lianjia.com/zufang/BJ2076297021026729984.html,2026-05-02 23:12:15,,
liangxiang,整租·体育场路26号院 2室1厅 南/北,整租,体育场路26号院,房山区-良乡-体育场路,72.51,2室1厅,南/北,,1700,23.4,,,https://bj.lianjia.com/zufang/BJ2126233529804128256.html,2026-05-02 23:11:40,,
liangxiang,整租·首创伊林郡二期 3室1厅 东/南/北,整租,首创伊林郡二期,房山区-良乡-首创伊林郡二期,96.65,3室1厅,东/南/北,,3300,34.1,,,https://bj.lianjia.com/zufang/BJ2126258767166177280.html,2026-05-02 23:11:40,,
liangxiang,整租·龙华苑 3室1厅 南/北,整租,龙华苑,房山区-良乡-龙华苑,140.16,3室1厅,南/北,,4200,30.0,,,https://bj.lianjia.com/zufang/BJ2126284927799394304.html,2026-05-02 23:11:40,,
liangxiang,整租·北京城建胜茂傲山 1室1厅 南,整租,北京城建胜茂傲山,房山区-良乡-北京城建胜茂傲山,61.70,1室1厅,南,,2500,40.5,,,https://bj.lianjia.com/zufang/BJ2159976682839080960.html,2026-05-02 23:13:07,,
liangxiang,整租·绿地诺亚方舟 1室1厅 西,整租,绿地诺亚方舟,房山区-良乡-绿地诺亚方舟,1.00,1室1厅,西,,2200,2200.0,,,https://bj.lianjia.com/zufang/BJ2159987908977623040.html,2026-05-02 23:13:07,,
liangxiang,整租·韩建青春誌 2室1厅 南/北,整租,韩建青春誌,房山区-良乡-韩建青春誌,66.18,2室1厅,南/北,,2800,42.3,,,https://bj.lianjia.com/zufang/BJ2160340640007716864.html,2026-05-02 23:11:40,,
liangxiang,整租·房山超级蜂巢 2房间 复式 北,整租,房山超级蜂巢 2房间 复式 北,房山区-良乡-房山超级蜂巢,42.42,,,,2100,49.5,,,https://bj.lianjia.com/zufang/BJ2149702217416835072.html,2026-05-02 23:11:40,,
liangxiang,整租·西潞园二里 2室1厅 南/北,整租,西潞园二里,房山区-良乡-西潞园二里,67.00,2室1厅,南/北,,2000,29.9,,,https://bj.lianjia.com/zufang/BJ2149728445251190784.html,2026-05-02 23:11:40,,
liangxiang,整租·远洋新仕界 2房间 西,整租,远洋新仕界 2房间 西,房山区-良乡-远洋新仕界,27.28,,,,2500,91.6,,,https://bj.lianjia.com/zufang/BJ2150824687448358912.html,2026-05-02 23:11:40,,
liangxiang,整租·行宫园 2室1厅 南/北,整租,行宫园,房山区-良乡-行宫园,71.62,2室1厅,南/北,,2500,34.9,,,https://bj.lianjia.com/zufang/BJ2152016629674803200.html,2026-05-02 23:11:40,,
liangxiang,整租·瑞雪春堂 2室1厅 南,整租,瑞雪春堂,房山区-良乡-瑞雪春堂,89.43,2室1厅,南,,3100,34.7,,,https://bj.lianjia.com/zufang/BJ2152028650952720384.html,2026-05-02 23:12:01,,
liangxiang,整租·房山超级蜂巢 3房间 东南/北,整租,房山超级蜂巢 3房间 东南/北,房山区-良乡-房山超级蜂巢,61.09,,,,2300,37.6,,,https://bj.lianjia.com/zufang/BJ2152328379100037120.html,2026-05-02 23:11:40,,
liangxiang,整租·明源南里 2室1厅 南/北,整租,明源南里,房山区-良乡-明源南里,64.24,2室1厅,南/北,,2500,38.9,,,https://bj.lianjia.com/zufang/BJ2154196745397993472.html,2026-05-02 23:12:06,,
liangxiang,整租·绿地诺亚方舟 2房间 西北,整租,绿地诺亚方舟 2房间 西北,房山区-良乡-绿地诺亚方舟,169.61,,,,7000,41.3,,,https://bj.lianjia.com/zufang/BJ2154231376474275840.html,2026-05-02 23:12:01,,
liangxiang,整租·首创紫悦台 2房间 北,整租,首创紫悦台 2房间 北,房山区-良乡-首创紫悦台,29.99,,,,2500,83.4,,,https://bj.lianjia.com/zufang/BJ2154189782748495872.html,2026-05-02 23:12:06,,
liangxiang,整租·西北关200号院 3室1厅 南/北,整租,西北关200号院,房山区-良乡-西北关,95.11,3室1厅,南/北,,3000,31.5,,,https://bj.lianjia.com/zufang/BJ2154210370808446976.html,2026-05-02 23:12:06,,
liangxiang,整租·首创紫悦台 2房间 南,整租,首创紫悦台 2房间 南,房山区-良乡-首创紫悦台,44.32,,,,2700,60.9,,,https://bj.lianjia.com/zufang/BJ2154483419197734912.html,2026-05-02 23:12:54,,
liangxiang,整租·首创紫悦台 2室1厅 南/北,整租,首创紫悦台,房山区-良乡-首创紫悦台,74.06,2室1厅,南/北,,3200,43.2,,,https://bj.lianjia.com/zufang/BJ2154533110346153984.html,2026-05-02 23:12:54,,
liangxiang,整租·佳世苑小区 2室2厅 南/北,整租,佳世苑小区,房山区-良乡-佳世苑小区,96.43,2室2厅,南/北,,3300,34.2,,,https://bj.lianjia.com/zufang/BJ2154458267474984960.html,2026-05-02 23:12:54,,
liangxiang,整租·玉竹园 2室1厅 南/北,整租,玉竹园,房山区-良乡-玉竹园,90.00,2室1厅,南/北,,2600,28.9,,,https://bj.lianjia.com/zufang/BJ2154506589246062592.html,2026-05-02 23:12:54,,
liangxiang,整租·旭辉E天地 2房间 北,整租,旭辉E天地 2房间 北,房山区-良乡-旭辉,36.56,,,,2200,60.2,,,https://bj.lianjia.com/zufang/BJ2154542480979132416.html,2026-05-02 23:12:54,,
liangxiang,整租·拱辰星园小区 3室1厅 东南,整租,拱辰星园小区,房山区-良乡-拱辰星园小区,106.00,3室1厅,东南,,3000,28.3,,,https://bj.lianjia.com/zufang/BJ2072309878516350976.html,2026-05-02 23:11:50,,
liangxiang,整租·罗府家园 2室1厅 东/西,整租,罗府家园,房山区-良乡-罗府家园,89.72,2室1厅,东/西,,3200,35.7,,,https://bj.lianjia.com/zufang/BJ2000207020048777216.html,2026-05-02 23:11:50,,
liangxiang,整租·昊天嘉园 1室1厅 西北,整租,昊天嘉园,房山区-良乡-昊天嘉园,31.31,1室1厅,西北,,2100,67.1,,,https://bj.lianjia.com/zufang/BJ2002225791764529152.html,2026-05-02 23:11:50,,
liangxiang,整租·文化路社区 1室1厅 南,整租,文化路社区,房山区-良乡-文化路社区,36.24,1室1厅,南,,1500,41.4,,,https://bj.lianjia.com/zufang/BJ2003044916267057152.html,2026-05-02 23:11:50,,
liangxiang,整租·首创伊林郡一期 3室1厅 南/北,整租,首创伊林郡一期,房山区-良乡-首创伊林郡一期,129.21,3室1厅,南/北,,4000,31.0,,,https://bj.lianjia.com/zufang/BJ2005598750260592640.html,2026-05-02 23:11:50,,
liangxiang,整租·首创伊林郡二期 2室1厅 南,整租,首创伊林郡二期,房山区-良乡-首创伊林郡二期,84.97,2室1厅,南,,2900,34.1,,,https://bj.lianjia.com/zufang/BJ2008416083169509376.html,2026-05-02 23:11:50,,
liangxiang,整租·北关东路社区 2室1厅 南/北,整租,北关东路社区,房山区-良乡-北关东路社区,50.00,2室1厅,南/北,,2500,50.0,,,https://bj.lianjia.com/zufang/BJ2006330345875570688.html,2026-05-02 23:11:50,,
liangxiang,整租·北潞春家园 3室1厅 南,整租,北潞春家园,房山区-良乡-北潞春家园,111.47,3室1厅,南,,2333,20.9,,,https://bj.lianjia.com/zufang/BJ2009842216540831744.html,2026-05-02 23:11:50,,
liangxiang,整租·隆曦园C区 2室1厅 南/北,整租,隆曦园C区,房山区-良乡-隆曦园,81.00,2室1厅,南/北,,3500,43.2,,,https://bj.lianjia.com/zufang/BJ2014540253213229056.html,2026-05-02 23:11:50,,
liangxiang,整租·蓝光海悦城 5房间 复式 南,整租,蓝光海悦城 5房间 复式 南,房山区-良乡-蓝光海悦城,110.35,,,,4800,43.5,,,https://bj.lianjia.com/zufang/BJ2016413180971974656.html,2026-05-02 23:11:50,,
liangxiang,整租·房山超级蜂巢 2房间 北,整租,房山超级蜂巢 2房间 北,房山区-良乡-房山超级蜂巢,38.89,,,,1900,48.9,,,https://bj.lianjia.com/zufang/BJ2022235758445723648.html,2026-05-02 23:11:50,,
liangxiang,整租·花园巷小区 3室1厅 东/南/北,整租,花园巷小区,房山区-良乡-花园巷小区,86.13,3室1厅,东/南/北,,2300,26.7,,,https://bj.lianjia.com/zufang/BJ2022290036107509760.html,2026-05-02 23:11:50,,
liangxiang,整租·北潞春家园 2室1厅 南/北,整租,北潞春家园,房山区-良乡-北潞春家园,92.33,2室1厅,南/北,,2400,26.0,,,https://bj.lianjia.com/zufang/BJ2034896052791803904.html,2026-05-02 23:11:50,,
liangxiang,整租·阳光邑上 3室2厅 南/北,整租,阳光邑上,房山区-良乡-阳光邑上,169.36,3室2厅,南/北,,5200,30.7,,,https://bj.lianjia.com/zufang/BJ2033485739890573312.html,2026-05-02 23:11:50,,
liangxiang,整租·北京时代广场 2房间 西南,整租,北京时代广场 2房间 西南,房山区-良乡-北京时代广场,40.00,,,,2100,52.5,,,https://bj.lianjia.com/zufang/BJ2040646773021605888.html,2026-05-02 23:11:50,,
liangxiang,整租·北关东路社区 2室1厅 南/北,整租,北关东路社区,房山区-良乡-北关东路社区,56.52,2室1厅,南/北,,1700,30.1,,,https://bj.lianjia.com/zufang/BJ2053677113491324928.html,2026-05-02 23:11:50,,
liangxiang,整租·绿地诺亚方舟 2房间 北,整租,绿地诺亚方舟 2房间 北,房山区-良乡-绿地诺亚方舟,40.00,,,,2500,62.5,,,https://bj.lianjia.com/zufang/BJ2054435135465455616.html,2026-05-02 23:11:50,,
liangxiang,整租·文化路社区 2室1厅 南/北,整租,文化路社区,房山区-良乡-文化路社区,38.00,2室1厅,南/北,,2000,52.6,,,https://bj.lianjia.com/zufang/BJ2059576387806691328.html,2026-05-02 23:11:50,,
liangxiang,整租·瑞雪春堂 2室1厅 东南/北,整租,瑞雪春堂,房山区-良乡-瑞雪春堂,90.47,2室1厅,东南/北,,2800,30.9,,,https://bj.lianjia.com/zufang/BJ2116856701297623040.html,2026-05-02 23:12:11,,
liangxiang,整租·北潞华家园 3室1厅 南/北,整租,北潞华家园,房山区-良乡-北潞华家园,130.89,3室1厅,南/北,,3300,25.2,,,https://bj.lianjia.com/zufang/BJ2117511605053816832.html,2026-05-02 23:12:11,,
liangxiang,整租·长虹小区 3室1厅 南/北,整租,长虹小区,房山区-良乡-长虹小区,84.57,3室1厅,南/北,,2500,29.6,,,https://bj.lianjia.com/zufang/BJ2117849225625600000.html,2026-05-02 23:12:11,,
liangxiang,整租·瑞雪春堂 2室1厅 南/北,整租,瑞雪春堂,房山区-良乡-瑞雪春堂,90.00,2室1厅,南/北,,4000,44.4,,,https://bj.lianjia.com/zufang/BJ2117829074763120640.html,2026-05-02 23:12:11,,
liangxiang,整租·玉竹园 2室1厅 南/北,整租,玉竹园,房山区-良乡-玉竹园,83.00,2室1厅,南/北,,2700,32.5,,,https://bj.lianjia.com/zufang/BJ2118582074473447424.html,2026-05-02 23:12:11,,
liangxiang,整租·昊天嘉园 2室1厅 复式 南/北,整租,昊天嘉园,房山区-良乡-昊天嘉园,85.56,2室1厅,,,2700,31.6,,,https://bj.lianjia.com/zufang/BJ2117878013860249600.html,2026-05-02 23:12:11,,
liangxiang,整租·西潞东里社区 2室1厅 南/北,整租,西潞东里社区,房山区-良乡-西潞东里社区,89.64,2室1厅,南/北,,3000,33.5,,,https://bj.lianjia.com/zufang/BJ2119047024610377728.html,2026-05-02 23:12:11,,
liangxiang,整租·西潞昊宏家园 3室1厅 南/北,整租,西潞昊宏家园,房山区-良乡-西潞昊宏家园,84.18,3室1厅,南/北,,2800,33.3,,,https://bj.lianjia.com/zufang/BJ2119043211002380288.html,2026-05-02 23:12:11,,
liangxiang,整租·首创伊林郡二期 3室1厅 东/西,整租,首创伊林郡二期,房山区-良乡-首创伊林郡二期,97.00,3室1厅,东/西,,3600,37.1,,,https://bj.lianjia.com/zufang/BJ2119051118423048192.html,2026-05-02 23:12:11,,
liangxiang,整租·玉竹园 2室2厅 南/北,整租,玉竹园,房山区-良乡-玉竹园,94.62,2室2厅,南/北,,3300,34.9,,,https://bj.lianjia.com/zufang/BJ2119046766966865920.html,2026-05-02 23:11:53,,
liangxiang,整租·政通路2号院 2室1厅 南/北,整租,政通路2号院,房山区-良乡-政通路,92.44,2室1厅,南/北,,2500,27.0,,,https://bj.lianjia.com/zufang/BJ2101587964659236864.html,2026-05-02 23:11:57,,
liangxiang,整租·北潞馨家园 2室1厅 南/北,整租,北潞馨家园,房山区-良乡-北潞馨家园,126.20,2室1厅,南/北,,3300,26.1,,,https://bj.lianjia.com/zufang/BJ2102391407787376640.html,2026-05-02 23:11:57,,
liangxiang,整租·蓝光海悦城 5房间 南,整租,蓝光海悦城 5房间 南,房山区-良乡-蓝光海悦城,104.40,,,,4800,46.0,,,https://bj.lianjia.com/zufang/BJ2102724029461823488.html,2026-05-02 23:11:57,,
liangxiang,整租·首创伊林郡二期 2室1厅 南,整租,首创伊林郡二期,房山区-良乡-首创伊林郡二期,79.80,2室1厅,南,,2600,32.6,,,https://bj.lianjia.com/zufang/BJ2103062357520416768.html,2026-05-02 23:11:57,,
liangxiang,整租·宜春里 2室1厅 南/北,整租,宜春里,房山区-良乡-宜春里,54.08,2室1厅,南/北,,2100,38.8,,,https://bj.lianjia.com/zufang/BJ2102341623508631552.html,2026-05-02 23:11:57,,
liangxiang,整租·首创伊林郡二期 2室1厅 南,整租,首创伊林郡二期,房山区-良乡-首创伊林郡二期,82.72,2室1厅,南,,3500,42.3,,,https://bj.lianjia.com/zufang/BJ2102686349038452736.html,2026-05-02 23:11:57,,
liangxiang,整租·西潞园二里 2室1厅 南/北,整租,西潞园二里,房山区-良乡-西潞园二里,67.00,2室1厅,南/北,,1500,22.4,,,https://bj.lianjia.com/zufang/BJ2103080853037907968.html,2026-05-02 23:11:57,,
liangxiang,整租·佳世苑小区 3室1厅 南/北,整租,佳世苑小区,房山区-良乡-佳世苑小区,119.42,3室1厅,南/北,,3300,27.6,,,https://bj.lianjia.com/zufang/BJ2104503308675710976.html,2026-05-02 23:11:57,,
liangxiang,整租·西潞南大街小区 3室1厅 南/北,整租,西潞南大街小区,房山区-良乡-西潞南大街小区,131.00,3室1厅,南/北,,3000,22.9,,,https://bj.lianjia.com/zufang/BJ2106224505599819776.html,2026-05-02 23:12:15,,
liangxiang,整租·昊文温泉家园 2室1厅 西北,整租,昊文温泉家园,房山区-良乡-昊文温泉家园,51.02,2室1厅,西北,,2000,39.2,,,https://bj.lianjia.com/zufang/BJ2106737485160644608.html,2026-05-02 23:12:15,,
liangxiang,整租·首开熙悦睿府书香 2房间 东,整租,首开熙悦睿府书香 2房间 东,房山区-良乡-首开熙悦睿府书香,50.00,,,,1900,38.0,,,https://bj.lianjia.com/zufang/BJ2107387993839894528.html,2026-05-02 23:12:15,,
liangxiang,整租·西潞园二里 2室1厅 南/北,整租,西潞园二里,房山区-良乡-西潞园二里,64.23,2室1厅,南/北,,1900,29.6,,,https://bj.lianjia.com/zufang/BJ2112417764382605312.html,2026-05-02 23:11:53,,
liangxiang,整租·玉竹园小区一里 3室2厅 东/北,整租,玉竹园小区一里,房山区-良乡-玉竹园小区一里,149.94,3室2厅,东/北,,3900,26.0,,,https://bj.lianjia.com/zufang/BJ2113590011717746688.html,2026-05-02 23:11:53,,
liangxiang,整租·旭辉E天地 2房间 东,整租,旭辉E天地 2房间 东,房山区-良乡-旭辉,35.68,,,,2165,60.7,,,https://bj.lianjia.com/zufang/BJ2113264568821088256.html,2026-05-02 23:11:53,,
liangxiang,整租·蓝光海悦城 2室1厅 南,整租,蓝光海悦城,房山区-良乡-蓝光海悦城,69.29,2室1厅,南,,3100,44.7,,,https://bj.lianjia.com/zufang/BJ2113905125964644352.html,2026-05-02 23:11:53,,
liangxiang,整租·玉竹园 2室1厅 南,整租,玉竹园,房山区-良乡-玉竹园,94.36,2室1厅,南,,2800,29.7,,,https://bj.lianjia.com/zufang/BJ2096814951120240640.html,2026-05-02 23:12:15,,
liangxiang,整租·北关东路社区 2室1厅 南,整租,北关东路社区,房山区-良乡-北关东路社区,50.02,2室1厅,南,,2500,50.0,,,https://bj.lianjia.com/zufang/BJ2097564505725730816.html,2026-05-02 23:12:15,,
liangxiang,整租·行宫园 1室1厅 东/西,整租,行宫园,房山区-良乡-行宫园,66.11,1室1厅,东/西,,2500,37.8,,,https://bj.lianjia.com/zufang/BJ2097904399627059200.html,2026-05-02 23:12:15,,
liangxiang,整租·月华北大街 2室1厅 南/北,整租,月华北大街,房山区-良乡-月华北大街,99.72,2室1厅,南/北,,2500,25.1,,,https://bj.lianjia.com/zufang/BJ2096871694013562880.html,2026-05-02 23:12:15,,
liangxiang,整租·远洋新仕界 1室1厅 南,整租,远洋新仕界,房山区-良乡-远洋新仕界,56.90,1室1厅,南,,2700,47.5,,,https://bj.lianjia.com/zufang/BJ2096807793309777920.html,2026-05-02 23:12:15,,
liangxiang,整租·西潞园四里 3室1厅 南/北,整租,西潞园四里,房山区-良乡-西潞园四里,107.54,3室1厅,南/北,,2400,22.3,,,https://bj.lianjia.com/zufang/BJ2097961031371325440.html,2026-05-02 23:12:15,,
liangxiang,整租·明慧嘉园 3室2厅 南/北,整租,明慧嘉园,房山区-良乡-明慧嘉园,153.30,3室2厅,南/北,,3200,20.9,,,https://bj.lianjia.com/zufang/BJ2097902168727093248.html,2026-05-02 23:12:15,,
liangxiang,整租·远洋新仕界 1室1厅 西,整租,远洋新仕界,房山区-良乡-远洋新仕界,27.28,1室1厅,西,,2400,88.0,,,https://bj.lianjia.com/zufang/BJ2098024084951531520.html,2026-05-02 23:12:15,,
liangxiang,整租·绿湾星苑 2室1厅 东/西,整租,绿湾星苑,房山区-良乡-绿湾星苑,74.10,2室1厅,东/西,,2825,38.1,,,https://bj.lianjia.com/zufang/BJ2099475432536539136.html,2026-05-02 23:12:15,,
liangxiang,整租·体育场路26号院 2室1厅 南/北,整租,体育场路26号院,房山区-良乡-体育场路,59.06,2室1厅,南/北,,2000,33.9,,,https://bj.lianjia.com/zufang/BJ2100868014386708480.html,2026-05-02 23:11:57,,
liangxiang,整租·佳世苑小区 2室1厅 南/北,整租,佳世苑小区,房山区-良乡-佳世苑小区,95.75,2室1厅,南/北,,3300,34.5,,,https://bj.lianjia.com/zufang/BJ2100893228864634880.html,2026-05-02 23:11:57,,
liangxiang,整租·旭辉E天地 3房间 北,整租,旭辉E天地 3房间 北,房山区-良乡-旭辉,34.88,,,,2100,60.2,,,https://bj.lianjia.com/zufang/BJ2101170624952008704.html,2026-05-02 23:11:57,,
liangxiang,整租·旭辉E天地 2房间 北,整租,旭辉E天地 2房间 北,房山区-良乡-旭辉,32.00,,,,2100,65.6,,,https://bj.lianjia.com/zufang/BJ2099329713674649600.html,2026-05-02 23:11:57,,
liangxiang,整租·明源路2号楼 1室1厅 南/北,整租,明源路2号楼,房山区-良乡-明源路,39.32,1室1厅,南/北,,2200,56.0,,,https://bj.lianjia.com/zufang/BJ2100464731537014784.html,2026-05-02 23:11:57,,
liangxiang,整租·蚕种场小区 2室2厅 南/北,整租,蚕种场小区,房山区-良乡-蚕种场小区,90.66,2室2厅,南/北,,2500,27.6,,,https://bj.lianjia.com/zufang/BJ2101530289871257600.html,2026-05-02 23:11:57,,
liangxiang,整租·首创紫悦台 3室1厅 南/北,整租,首创紫悦台,房山区-良乡-首创紫悦台,94.89,3室1厅,南/北,,4700,49.5,,,https://bj.lianjia.com/zufang/BJ2104821943046766592.html,2026-05-02 23:11:57,,
liangxiang,整租·昊天大街17号院 2室1厅 南,整租,昊天大街17号院,房山区-良乡-昊天大街,52.51,2室1厅,南,,2300,43.8,,,https://bj.lianjia.com/zufang/BJ2105951052556664832.html,2026-05-02 23:12:15,,
liangxiang,整租·文化路社区 2室1厅 南,整租,文化路社区,房山区-良乡-文化路社区,34.67,2室1厅,南,,1600,46.1,,,https://bj.lianjia.com/zufang/BJ2138124319752978432.html,2026-05-02 23:12:01,,
liangxiang,整租·北京时代广场 3房间 南,整租,北京时代广场 3房间 南,房山区-良乡-北京时代广场,54.00,,,,2300,42.6,,,https://bj.lianjia.com/zufang/BJ2152250718478663680.html,2026-05-02 23:12:01,,
liangxiang,整租·北京建工·揽星宸 3室1厅 南/北,整租,北京建工·揽星宸,房山区-良乡-北京建工,85.00,3室1厅,南/北,,4600,54.1,,,https://bj.lianjia.com/zufang/BJ2152350613919236096.html,2026-05-02 23:12:01,,
liangxiang,整租·北京时代广场 2房间 南/西,整租,北京时代广场 2房间 南/西,房山区-良乡-北京时代广场,68.93,,,,2800,40.6,,,https://bj.lianjia.com/zufang/BJ2152998920966373376.html,2026-05-02 23:12:01,,
liangxiang,整租·旭辉E天地 2房间 南,整租,旭辉E天地 2房间 南,房山区-良乡-旭辉,36.00,,,,2500,69.4,,,https://bj.lianjia.com/zufang/BJ2153014089163472896.html,2026-05-02 23:12:01,,
liangxiang,整租·建设巷小区 2室1厅 南/北,整租,建设巷小区,房山区-良乡-建设巷小区,58.23,2室1厅,南/北,,1800,30.9,,,https://bj.lianjia.com/zufang/BJ2153357870391885824.html,2026-05-02 23:12:01,,
liangxiang,整租·首创紫悦台 2室1厅 南/北,整租,首创紫悦台,房山区-良乡-首创紫悦台,83.00,2室1厅,南/北,,3700,44.6,,,https://bj.lianjia.com/zufang/BJ2153109810646614016.html,2026-05-02 23:12:01,,
liangxiang,整租·首创紫悦台 2房间 西,整租,首创紫悦台 2房间 西,房山区-良乡-首创紫悦台,29.85,,,,2600,87.1,,,https://bj.lianjia.com/zufang/BJ2153399652345446400.html,2026-05-02 23:12:01,,
liangxiang,整租·远洋新仕界 2房间 东,整租,远洋新仕界 2房间 东,房山区-良乡-远洋新仕界,39.67,,,,2400,60.5,,,https://bj.lianjia.com/zufang/BJ2153681787413331968.html,2026-05-02 23:12:01,,
liangxiang,整租·黄辛庄东里 2室1厅 南/北,整租,黄辛庄东里,房山区-良乡-黄辛庄东里,98.00,2室1厅,南/北,,2100,21.4,,,https://bj.lianjia.com/zufang/BJ2154195800203198464.html,2026-05-02 23:12:06,,
liangxiang,整租·旭辉E天地 2房间 南,整租,旭辉E天地 2房间 南,房山区-良乡-旭辉,37.57,,,,2300,61.2,,,https://bj.lianjia.com/zufang/BJ2145229215442665472.html,2026-05-02 23:12:01,,
liangxiang,整租·苏庄二里 2室1厅 东/西,整租,苏庄二里,房山区-良乡-苏庄二里,91.30,2室1厅,东/西,,2600,28.5,,,https://bj.lianjia.com/zufang/BJ2145845322939629568.html,2026-05-02 23:12:01,,
liangxiang,整租·署前街家园 3室1厅 南/北,整租,署前街家园,房山区-良乡-署前街家园,95.00,3室1厅,南/北,,3200,33.7,,,https://bj.lianjia.com/zufang/BJ2145888140068388864.html,2026-05-02 23:12:01,,
liangxiang,整租·瑞雪春堂 2室1厅 东南/北,整租,瑞雪春堂,房山区-良乡-瑞雪春堂,90.92,2室1厅,东南/北,,2800,30.8,,,https://bj.lianjia.com/zufang/BJ2146493940256210944.html,2026-05-02 23:12:01,,
liangxiang,整租·旭辉E天地 2房间 复式 南,整租,旭辉E天地 2房间 复式 南,房山区-良乡-旭辉,35.38,,,,2600,73.5,,,https://bj.lianjia.com/zufang/BJ2146555687876952064.html,2026-05-02 23:12:01,,
liangxiang,整租·北潞春家园 2室1厅 西南,整租,北潞春家园,房山区-良乡-北潞春家园,71.58,2室1厅,西南,,2200,30.7,,,https://bj.lianjia.com/zufang/BJ2146810430125768704.html,2026-05-02 23:12:01,,
liangxiang,整租·绿湾星苑 2室1厅 南/北,整租,绿湾星苑,房山区-良乡-绿湾星苑,74.63,2室1厅,南/北,,3000,40.2,,,https://bj.lianjia.com/zufang/BJ2146519312305750016.html,2026-05-02 23:12:01,,
liangxiang,整租·上英水社区 2室1厅 南/北,整租,上英水社区,房山区-良乡-上英水社区,87.00,2室1厅,南/北,,2800,32.2,,,https://bj.lianjia.com/zufang/BJ2153356086910910464.html,2026-05-02 23:12:06,,
liangxiang,整租·北潞华家园 2室1厅 东南,整租,北潞华家园,房山区-良乡-北潞华家园,105.99,2室1厅,东南,,3200,30.2,,,https://bj.lianjia.com/zufang/BJ2154186082655141888.html,2026-05-02 23:12:06,,
liangxiang,整租·旭辉E天地 2房间 西北,整租,旭辉E天地 2房间 西北,房山区-良乡-旭辉,30.58,,,,2300,75.2,,,https://bj.lianjia.com/zufang/BJ2150533909983526912.html,2026-05-02 23:12:06,,
liangxiang,整租·瑞雪春堂 2室1厅 南,整租,瑞雪春堂,房山区-良乡-瑞雪春堂,89.96,2室1厅,南,,3100,34.5,,,https://bj.lianjia.com/zufang/BJ2150514889334980608.html,2026-05-02 23:12:06,,
liangxiang,整租·绿地诺亚方舟 2房间 南,整租,绿地诺亚方舟 2房间 南,房山区-良乡-绿地诺亚方舟,50.52,,,,2800,55.4,,,https://bj.lianjia.com/zufang/BJ2150547800180391936.html,2026-05-02 23:12:06,,
liangxiang,整租·绿地诺亚方舟 1房间 东,整租,绿地诺亚方舟 1房间 东,房山区-良乡-绿地诺亚方舟,40.00,,,,2200,55.0,,,https://bj.lianjia.com/zufang/BJ2154790837911814144.html,2026-05-02 23:12:54,,
liangxiang,整租·旭辉E天地 3房间 西/北,整租,旭辉E天地 3房间 西/北,房山区-良乡-旭辉,46.21,,,,2500,54.1,,,https://bj.lianjia.com/zufang/BJ2129868843915411456.html,2026-05-02 23:12:06,,
liangxiang,整租·北京时代广场 2房间 南/北,整租,北京时代广场 2房间 南/北,房山区-良乡-北京时代广场,49.65,,,,2800,56.4,,,https://bj.lianjia.com/zufang/BJ2130268873960718336.html,2026-05-02 23:12:06,,
liangxiang,整租·紫汇家园 2室1厅 南,整租,紫汇家园,房山区-良乡-紫汇家园,81.54,2室1厅,南,,2950,36.2,,,https://bj.lianjia.com/zufang/BJ2131020033101398016.html,2026-05-02 23:12:06,,
liangxiang,整租·绿湾星苑 2室1厅 东/西,整租,绿湾星苑,房山区-良乡-绿湾星苑,75.14,2室1厅,东/西,,2875,38.3,,,https://bj.lianjia.com/zufang/BJ2130874238033199104.html,2026-05-02 23:12:06,,
liangxiang,整租·北关东路社区 2室1厅 南/北,整租,北关东路社区,房山区-良乡-北关东路社区,56.95,2室1厅,南/北,,1800,31.6,,,https://bj.lianjia.com/zufang/BJ2131287914682777600.html,2026-05-02 23:12:06,,
liangxiang,整租·苏庄二里 3室2厅 南/北,整租,苏庄二里,房山区-良乡-苏庄二里,124.10,3室2厅,南/北,,3500,28.2,,,https://bj.lianjia.com/zufang/BJ2132743071161384960.html,2026-05-02 23:12:06,,
liangxiang,整租·西兰岛 2室1厅 南/北,整租,西兰岛,房山区-良乡-西兰岛,110.39,2室1厅,南/北,,3500,31.7,,,https://bj.lianjia.com/zufang/BJ2132689204625276928.html,2026-05-02 23:12:06,,
liangxiang,整租·远洋新仕界 2室1厅 东,整租,远洋新仕界,房山区-良乡-远洋新仕界,45.00,2室1厅,东,,3000,66.7,,,https://bj.lianjia.com/zufang/BJ2135329714665947136.html,2026-05-02 23:12:11,,
liangxiang,整租·首创紫悦台 1室0厅 南,整租,首创紫悦台,房山区-良乡-首创紫悦台,40.00,1室0厅,南,,2600,65.0,,,https://bj.lianjia.com/zufang/BJ2135954876943826944.html,2026-05-02 23:12:11,,
liangxiang,整租·恒大滨河左岸南区 3室1厅 东/西,整租,恒大滨河左岸南区,房山区-良乡-恒大滨河左岸南区,87.27,3室1厅,东/西,,3000,34.4,,,https://bj.lianjia.com/zufang/BJ2137403339824955392.html,2026-05-02 23:12:11,,
liangxiang,整租·旭辉E天地 2房间 南,整租,旭辉E天地 2房间 南,房山区-良乡-旭辉,30.65,,,,2500,81.6,,,https://bj.lianjia.com/zufang/BJ2137547441405165568.html,2026-05-02 23:12:11,,
liangxiang,整租·长虹小区 2室1厅 南/北,整租,长虹小区,房山区-良乡-长虹小区,82.05,2室1厅,南/北,,2500,30.5,,,https://bj.lianjia.com/zufang/BJ2137740631965958144.html,2026-05-02 23:12:11,,
liangxiang,整租·东秀街三巷 2室1厅 南/北,整租,东秀街三巷,房山区-良乡-东秀街三巷,75.39,2室1厅,南/北,,2400,31.8,,,https://bj.lianjia.com/zufang/BJ2137770907337228288.html,2026-05-02 23:12:11,,
liangxiang,整租·西潞园一里 3室1厅 南/北,整租,西潞园一里,房山区-良乡-西潞园一里,77.23,3室1厅,南/北,,2500,32.4,,,https://bj.lianjia.com/zufang/BJ2137751501580271616.html,2026-05-02 23:12:11,,
liangxiang,整租·东羊庄回迁楼 2室1厅 南/北,整租,东羊庄回迁楼,房山区-良乡-东羊庄回迁楼,80.00,2室1厅,南/北,,2900,36.2,,,https://bj.lianjia.com/zufang/BJ2137812432846848000.html,2026-05-02 23:12:11,,
liangxiang,整租·蓝光海悦城 2室1厅 南,整租,蓝光海悦城,房山区-良乡-蓝光海悦城,69.29,2室1厅,南,,3000,43.3,,,https://bj.lianjia.com/zufang/BJ2137877923103768576.html,2026-05-02 23:12:11,,
liangxiang,整租·北京时代广场 2房间 西北,整租,北京时代广场 2房间 西北,房山区-良乡-北京时代广场,33.97,,,,2100,61.8,,,https://bj.lianjia.com/zufang/BJ2137901649971118080.html,2026-05-02 23:12:11,,
liangxiang,整租·水岸壹号 3室1厅 东/西,整租,水岸壹号,房山区-良乡-水岸壹号,89.44,3室1厅,东/西,,3800,42.5,,,https://bj.lianjia.com/zufang/BJ2138489293662846976.html,2026-05-02 23:12:11,,
liangxiang,整租·瑞雪春堂 3房间 西,整租,瑞雪春堂 3房间 西,房山区-良乡-瑞雪春堂,43.15,,,,2500,57.9,,,https://bj.lianjia.com/zufang/BJ2138495140266770432.html,2026-05-02 23:12:11,,
liangxiang,整租·绿地诺亚方舟 1房间 东北,整租,绿地诺亚方舟 1房间 东北,房山区-良乡-绿地诺亚方舟,44.37,,,,2400,54.1,,,https://bj.lianjia.com/zufang/BJ2138510269733666816.html,2026-05-02 23:12:11,,
liangxiang,整租·绿地诺亚方舟 1房间 西,整租,绿地诺亚方舟 1房间 西,房山区-良乡-绿地诺亚方舟,50.00,,,,2300,46.0,,,https://bj.lianjia.com/zufang/BJ2138141474393423872.html,2026-05-02 23:12:15,,
liangxiang,整租·佳世苑小区 2室1厅 东南,整租,佳世苑小区,房山区-良乡-佳世苑小区,101.37,2室1厅,东南,,3500,34.5,,,https://bj.lianjia.com/zufang/BJ2137945373874847744.html,2026-05-02 23:12:15,,
liangxiang,整租·东礼胡同 3室1厅 南/北,整租,东礼胡同,房山区-良乡-东礼胡同,63.33,3室1厅,南/北,,2800,44.2,,,https://bj.lianjia.com/zufang/BJ2079414304087474176.html,2026-05-02 23:12:15,,
liangxiang,整租·恒大滨河左岸北区 3室1厅 西南,整租,恒大滨河左岸北区,房山区-良乡-恒大滨河左岸北区,87.04,3室1厅,西南,,3500,40.2,,,https://bj.lianjia.com/zufang/BJ2105639397918507008.html,2026-05-02 23:12:15,,
liangxiang,整租·西兰岛 2室2厅 南/北,整租,西兰岛,房山区-良乡-西兰岛,95.79,2室2厅,南/北,,3500,36.5,,,https://bj.lianjia.com/zufang/BJ2106331572528480256.html,2026-05-02 23:12:15,,
liangxiang,整租·旭辉E天地 2房间 北,整租,旭辉E天地 2房间 北,房山区-良乡-旭辉,32.75,,,,2200,67.2,,,https://bj.lianjia.com/zufang/BJ2106605859961307136.html,2026-05-02 23:12:15,,
liangxiang,整租·绿地诺亚方舟 1房间 东/南,整租,绿地诺亚方舟 1房间 东/南,房山区-良乡-绿地诺亚方舟,44.82,,,,2500,55.8,,,https://bj.lianjia.com/zufang/BJ2107049661717020672.html,2026-05-02 23:12:15,,
liangxiang,整租·四合巷小区 2室1厅 南,整租,四合巷小区,房山区-良乡-四合巷小区,57.05,2室1厅,南,,1800,31.6,,,https://bj.lianjia.com/zufang/BJ2107401966119288832.html,2026-05-02 23:12:15,,
liangxiang,整租·北潞芳家园 3室1厅 南,整租,北潞芳家园,房山区-良乡-北潞芳家园,125.94,3室1厅,南,,3200,25.4,,,https://bj.lianjia.com/zufang/BJ2108417598935793664.html,2026-05-02 23:12:15,,
liangxiang,整租·蝶翠苑 2室2厅 南/北,整租,蝶翠苑,房山区-良乡-蝶翠苑,89.00,2室2厅,南/北,,2600,29.2,,,https://bj.lianjia.com/zufang/BJ2108509224555249664.html,2026-05-02 23:12:15,,
liangxiang,整租·体育场路26号院 2室1厅 南/北,整租,体育场路26号院,房山区-良乡-体育场路,66.60,2室1厅,南/北,,1900,28.5,,,https://bj.lianjia.com/zufang/BJ2108518526997233664.html,2026-05-02 23:12:15,,
liangxiang,整租·辰光嘉园 3室1厅 复式 南/北,整租,辰光嘉园,房山区-良乡-辰光嘉园,108.21,3室1厅,,,3200,29.6,,,https://bj.lianjia.com/zufang/BJ1881623962329284608.html,2026-05-02 23:12:15,,
liangxiang,整租·蓝光海悦城 1室1厅 东,整租,蓝光海悦城,房山区-良乡-蓝光海悦城,52.67,1室1厅,东,,2600,49.4,,,https://bj.lianjia.com/zufang/BJ2154886398971215872.html,2026-05-02 23:12:54,,
liangxiang,整租·旭辉E天地 2房间 北,整租,旭辉E天地 2房间 北,房山区-良乡-旭辉,32.75,,,,2300,70.2,,,https://bj.lianjia.com/zufang/BJ2154892090046152704.html,2026-05-02 23:12:54,,
liangxiang,整租·绿地诺亚方舟 2房间 北,整租,绿地诺亚方舟 2房间 北,房山区-良乡-绿地诺亚方舟,41.05,,,,2400,58.5,,,https://bj.lianjia.com/zufang/BJ2154846992189095936.html,2026-05-02 23:12:54,,
liangxiang,整租·文化路社区 1室1厅 南,整租,文化路社区,房山区-良乡-文化路社区,42.53,1室1厅,南,,1800,42.3,,,https://bj.lianjia.com/zufang/BJ2154858783203917824.html,2026-05-02 23:12:54,,
liangxiang,整租·旭辉E天地 2房间 东/北,整租,旭辉E天地 2房间 东/北,房山区-良乡-旭辉,50.66,,,,2500,49.3,,,https://bj.lianjia.com/zufang/BJ2154886251944083456.html,2026-05-02 23:12:54,,
liangxiang,整租·瑞雪春堂 2室1厅 南/北,整租,瑞雪春堂,房山区-良乡-瑞雪春堂,90.17,2室1厅,南/北,,3100,34.4,,,https://bj.lianjia.com/zufang/BJ2155234288222601216.html,2026-05-02 23:12:54,,
liangxiang,整租·罗府家园 2室1厅 东/西,整租,罗府家园,房山区-良乡-罗府家园,89.55,2室1厅,东/西,,2800,31.3,,,https://bj.lianjia.com/zufang/BJ2155213096887517184.html,2026-05-02 23:12:54,,
liangxiang,整租·首开熙悦睿府书香 2房间 北,整租,首开熙悦睿府书香 2房间 北,房山区-良乡-首开熙悦睿府书香,50.00,,,,2200,44.0,,,https://bj.lianjia.com/zufang/BJ2155531664619470848.html,2026-05-02 23:12:54,,
liangxiang,整租·首开熙悦睿府书香 1房间 南,整租,首开熙悦睿府书香 1房间 南,房山区-良乡-首开熙悦睿府书香,50.00,,,,2400,48.0,,,https://bj.lianjia.com/zufang/BJ2155534972822224896.html,2026-05-02 23:12:54,,
liangxiang,整租·文化路社区 2室2厅 南/北,整租,文化路社区,房山区-良乡-文化路社区,67.06,2室2厅,南/北,,2500,37.3,,,https://bj.lianjia.com/zufang/BJ2155522138809827328.html,2026-05-02 23:12:54,,
liangxiang,整租·聪慧里 2室1厅 南/北,整租,聪慧里,房山区-良乡-聪慧里,63.80,2室1厅,南/北,,2200,34.5,,,https://bj.lianjia.com/zufang/BJ2155549125687377920.html,2026-05-02 23:12:54,,
liangxiang,整租·一万米家园 1室1厅 东,整租,一万米家园,房山区-良乡-一万米家园,51.18,1室1厅,东,,2200,43.0,,,https://bj.lianjia.com/zufang/BJ2155597841035165696.html,2026-05-02 23:13:07,,
liangxiang,整租·绿地诺亚方舟 1房间 东,整租,绿地诺亚方舟 1房间 东,房山区-良乡-绿地诺亚方舟,40.00,,,,2400,60.0,,,https://bj.lianjia.com/zufang/BJ2155607976235237376.html,2026-05-02 23:13:07,,
liangxiang,整租·绿地诺亚方舟 3房间 北,整租,绿地诺亚方舟 3房间 北,房山区-良乡-绿地诺亚方舟,49.44,,,,2900,58.7,,,https://bj.lianjia.com/zufang/BJ2155638301183180800.html,2026-05-02 23:12:54,,
liangxiang,整租·西潞南大街小区 2室1厅 南/北,整租,西潞南大街小区,房山区-良乡-西潞南大街小区,106.71,2室1厅,南/北,,3000,28.1,,,https://bj.lianjia.com/zufang/BJ2155895784510324736.html,2026-05-02 23:12:54,,
liangxiang,整租·旭辉E天地 2房间 东/南,整租,旭辉E天地 2房间 东/南,房山区-良乡-旭辉,37.57,,,,2500,66.5,,,https://bj.lianjia.com/zufang/BJ2155993096582594560.html,2026-05-02 23:12:54,,
liangxiang,整租·瑞雪春堂 2室1厅 南/北,整租,瑞雪春堂,房山区-良乡-瑞雪春堂,89.58,2室1厅,南/北,,3600,40.2,,,https://bj.lianjia.com/zufang/BJ2156246693551538176.html,2026-05-02 23:12:54,,
liangxiang,整租·凯旋大街 2室1厅 南/西/北,整租,凯旋大街,房山区-良乡-凯旋大街,65.13,2室1厅,南/西/北,,2500,38.4,,,https://bj.lianjia.com/zufang/BJ2156244793582157824.html,2026-05-02 23:12:54,,
liangxiang,整租·昊天大街81号院 2室1厅 东/西,整租,昊天大街81号院,房山区-良乡-昊天大街,65.38,2室1厅,东/西,,2300,35.2,,,https://bj.lianjia.com/zufang/BJ2156230852277698560.html,2026-05-02 23:13:02,,
liangxiang,整租·伟业嘉园西里 2室1厅 复式 南,整租,伟业嘉园西里,房山区-良乡-伟业嘉园西里,53.00,2室1厅,,,2200,41.5,,,https://bj.lianjia.com/zufang/BJ2156365261815414784.html,2026-05-02 23:13:02,,
liangxiang,整租·文水家园 3室1厅 南/北,整租,文水家园,房山区-良乡-文水家园,103.00,3室1厅,南/北,,3600,35.0,,,https://bj.lianjia.com/zufang/BJ2156643429356929024.html,2026-05-02 23:13:02,,
liangxiang,整租·苏宁尊悦大厦 4室2厅 南/北,整租,苏宁尊悦大厦,房山区-良乡-苏宁尊悦大厦,181.18,4室2厅,南/北,,7000,38.6,,,https://bj.lianjia.com/zufang/BJ2156614904348409856.html,2026-05-02 23:13:02,,
liangxiang,整租·一万米家园 3室1厅 南/西/北,整租,一万米家园,房山区-良乡-一万米家园,114.28,3室1厅,南/西/北,,2800,24.5,,,https://bj.lianjia.com/zufang/BJ2156741200353165312.html,2026-05-02 23:13:02,,
liangxiang,整租·首创紫悦台 2室0厅 南,整租,首创紫悦台,房山区-良乡-首创紫悦台,57.45,2室0厅,南,,3000,52.2,,,https://bj.lianjia.com/zufang/BJ2156731481257410560.html,2026-05-02 23:13:02,,
liangxiang,整租·北关东路社区 2室1厅 南/北,整租,北关东路社区,房山区-良乡-北关东路社区,57.00,2室1厅,南/北,,2300,40.4,,,https://bj.lianjia.com/zufang/BJ2156949358040317952.html,2026-05-02 23:13:02,,
liangxiang,整租·首开熙悦睿府书香 2房间 南,整租,首开熙悦睿府书香 2房间 南,房山区-良乡-首开熙悦睿府书香,48.60,,,,2500,51.4,,,https://bj.lianjia.com/zufang/BJ2156820172940247040.html,2026-05-02 23:13:02,,
liangxiang,整租·明源路2号楼 2室1厅 南/北,整租,明源路2号楼,房山区-良乡-明源路,61.71,2室1厅,南/北,,2000,32.4,,,https://bj.lianjia.com/zufang/BJ2156993846746021888.html,2026-05-02 23:13:02,,
liangxiang,整租·绿地诺亚方舟 1房间 西,整租,绿地诺亚方舟 1房间 西,房山区-良乡-绿地诺亚方舟,50.28,,,,2900,57.7,,,https://bj.lianjia.com/zufang/BJ2157113770332127232.html,2026-05-02 23:13:02,,
liangxiang,整租·政通路西里 3室1厅 南/北,整租,政通路西里,房山区-良乡-政通路西里,83.23,3室1厅,南/北,,2800,33.6,,,https://bj.lianjia.com/zufang/BJ2157334611288391680.html,2026-05-02 23:13:02,,
liangxiang,整租·隆曦园B区 4室1厅 南/北,整租,隆曦园B区,房山区-良乡-隆曦园,145.85,4室1厅,南/北,,5000,34.3,,,https://bj.lianjia.com/zufang/BJ2157339882194731008.html,2026-05-02 23:13:02,,
liangxiang,整租·恒大滨河左岸北区 3室1厅 南,整租,恒大滨河左岸北区,房山区-良乡-恒大滨河左岸北区,85.00,3室1厅,南,,3000,35.3,,,https://bj.lianjia.com/zufang/BJ2157370568851062784.html,2026-05-02 23:13:02,,
liangxiang,整租·文化路社区 3室1厅 南/北,整租,文化路社区,房山区-良乡-文化路社区,68.18,3室1厅,南/北,,2300,33.7,,,https://bj.lianjia.com/zufang/BJ2157402805508243456.html,2026-05-02 23:13:02,,
liangxiang,整租·北潞冠家园 2室1厅 南/北,整租,北潞冠家园,房山区-良乡-北潞冠家园,89.81,2室1厅,南/北,,2500,27.8,,,https://bj.lianjia.com/zufang/BJ2157409350480560128.html,2026-05-02 23:13:02,,
liangxiang,整租·伟业嘉园西里 5室3厅 复式 南/北,整租,伟业嘉园西里,房山区-良乡-伟业嘉园西里,195.99,5室3厅,,,6000,30.6,,,https://bj.lianjia.com/zufang/BJ2157430930619236352.html,2026-05-02 23:13:02,,
liangxiang,整租·首开熙悦睿府书香 2房间 南,整租,首开熙悦睿府书香 2房间 南,房山区-良乡-首开熙悦睿府书香,47.14,,,,2500,53.0,,,https://bj.lianjia.com/zufang/BJ2157412273897865216.html,2026-05-02 23:13:02,,
liangxiang,整租·远洋新仕界 2室1厅 东,整租,远洋新仕界,房山区-良乡-远洋新仕界,73.81,2室1厅,东,,3300,44.7,,,https://bj.lianjia.com/zufang/BJ2157480683696553984.html,2026-05-02 23:13:02,,
liangxiang,整租·首创紫悦台 2室1厅 南,整租,首创紫悦台,房山区-良乡-首创紫悦台,74.86,2室1厅,南,,3400,45.4,,,https://bj.lianjia.com/zufang/BJ2157707479511728128.html,2026-05-02 23:13:02,,
liangxiang,整租·绿地诺亚方舟 1房间 西北,整租,绿地诺亚方舟 1房间 西北,房山区-良乡-绿地诺亚方舟,39.37,,,,2500,63.5,,,https://bj.lianjia.com/zufang/BJ2157756687065284608.html,2026-05-02 23:13:02,,
liangxiang,整租·绿地诺亚方舟 2房间 东,整租,绿地诺亚方舟 2房间 东,房山区-良乡-绿地诺亚方舟,39.24,,,,2100,53.5,,,https://bj.lianjia.com/zufang/BJ2158063376666722304.html,2026-05-02 23:13:02,,
liangxiang,整租·蓝光海悦城 5房间 南,整租,蓝光海悦城 5房间 南,房山区-良乡-蓝光海悦城,104.40,,,,3800,36.4,,,https://bj.lianjia.com/zufang/BJ2158078612920598528.html,2026-05-02 23:13:07,,
liangxiang,整租·绿地诺亚方舟 2房间 北,整租,绿地诺亚方舟 2房间 北,房山区-良乡-绿地诺亚方舟,39.51,,,,2600,65.8,,,https://bj.lianjia.com/zufang/BJ2158110782250811392.html,2026-05-02 23:13:07,,
liangxiang,整租·建鑫园三里 3室1厅 南/北,整租,建鑫园三里,房山区-良乡-建鑫园三里,95.00,3室1厅,南/北,,3000,31.6,,,https://bj.lianjia.com/zufang/BJ2158169753452019712.html,2026-05-02 23:13:07,,
liangxiang,整租·绿地诺亚方舟 2房间 西,整租,绿地诺亚方舟 2房间 西,房山区-良乡-绿地诺亚方舟,50.00,,,,3000,60.0,,,https://bj.lianjia.com/zufang/BJ2158124597193474048.html,2026-05-02 23:13:07,,
liangxiang,整租·文化路社区 2室1厅 南/北,整租,文化路社区,房山区-良乡-文化路社区,60.00,2室1厅,南/北,,2000,33.3,,,https://bj.lianjia.com/zufang/BJ2158172011929534464.html,2026-05-02 23:13:07,,
liangxiang,整租·昊文温泉家园 3室1厅 南/北,整租,昊文温泉家园,房山区-良乡-昊文温泉家园,109.38,3室1厅,南/北,,3000,27.4,,,https://bj.lianjia.com/zufang/BJ2158424547957669888.html,2026-05-02 23:13:07,,
liangxiang,整租·首创紫悦台 2室1厅 南/北,整租,首创紫悦台,房山区-良乡-首创紫悦台,83.25,2室1厅,南/北,,3600,43.2,,,https://bj.lianjia.com/zufang/BJ2158481119505285120.html,2026-05-02 23:13:07,,
liangxiang,整租·北京华发中央公园 3室1厅 南/北,整租,北京华发中央公园,房山区-良乡-北京华发中央公园,89.18,3室1厅,南/北,,3800,42.6,,,https://bj.lianjia.com/zufang/BJ2158765130739875840.html,2026-05-02 23:13:07,,
liangxiang,整租·东礼胡同 2室1厅 南/北,整租,东礼胡同,房山区-良乡-东礼胡同,75.18,2室1厅,南/北,,2100,27.9,,,https://bj.lianjia.com/zufang/BJ2158832999183941632.html,2026-05-02 23:13:07,,
liangxiang,整租·旭辉E天地 2房间 南,整租,旭辉E天地 2房间 南,房山区-良乡-旭辉,37.40,,,,2400,64.2,,,https://bj.lianjia.com/zufang/BJ2158955869339910144.html,2026-05-02 23:13:07,,
liangxiang,整租·首开熙悦睿府书香 2房间 南,整租,首开熙悦睿府书香 2房间 南,房山区-良乡-首开熙悦睿府书香,50.00,,,,2300,46.0,,,https://bj.lianjia.com/zufang/BJ2159200950928015360.html,2026-05-02 23:13:07,,
liangxiang,整租·月华大街26号院 3室1厅 南,整租,月华大街26号院,房山区-良乡-月华大街,96.40,3室1厅,南,,3600,37.3,,,https://bj.lianjia.com/zufang/BJ2159277859607150592.html,2026-05-02 23:13:07,,
liangxiang,整租·绿地诺亚方舟 1室1厅 北,整租,绿地诺亚方舟,房山区-良乡-绿地诺亚方舟,39.56,1室1厅,北,,2600,65.7,,,https://bj.lianjia.com/zufang/BJ2159542411892621312.html,2026-05-02 23:13:07,,
liangxiang,整租·远洋新仕界 2室1厅 东,整租,远洋新仕界,房山区-良乡-远洋新仕界,45.02,2室1厅,东,,2600,57.8,,,https://bj.lianjia.com/zufang/BJ2159634097901666304.html,2026-05-02 23:13:07,,
liangxiang,整租·行宫园 2室1厅 东/西/北,整租,行宫园,房山区-良乡-行宫园,86.45,2室1厅,东/西/北,,2600,30.1,,,https://bj.lianjia.com/zufang/BJ2159850363958591488.html,2026-05-02 23:13:07,,
liangxiang,整租·佳世苑小区 3室1厅 南/北,整租,佳世苑小区,房山区-良乡-佳世苑小区,119.87,3室1厅,南/北,,2500,20.9,,,https://bj.lianjia.com/zufang/BJ2097995807000100864.html,2026-05-02 23:13:07,,
liangxiang,整租·北潞春家园 6室2厅 复式 南/北,整租,北潞春家园,房山区-良乡-北潞春家园,196.16,6室2厅,,,4000,20.4,,,https://bj.lianjia.com/zufang/BJ2047270349099237376.html,2026-05-02 23:13:07,,
liangxiang,整租·时尚家园 2室2厅 复式 南/北,整租,时尚家园,房山区-良乡-时尚家园,135.48,2室2厅,,,2800,20.7,,,https://bj.lianjia.com/zufang/BJ2103062820965842944.html,2026-05-02 23:13:07,,
liangxiang,整租·太平庄东里2号院 3室1厅 跃层 南/北,整租,太平庄东里2号院,房山区-良乡-太平庄东里,137.50,3室1厅,,,2250,16.4,,,https://bj.lianjia.com/zufang/BJ2095006929200873472.html,2026-05-02 23:13:07,,
liangxiang,整租·太平庄西里1号院 4室2厅 南/北,整租,太平庄西里1号院,房山区-良乡-太平庄西里,198.52,4室2厅,南/北,,4000,20.1,,,https://bj.lianjia.com/zufang/BJ2057005654417080320.html,2026-05-02 23:13:07,,
liangxiang,整租·苏庄一里小区 5室2厅 南/北,整租,苏庄一里小区,房山区-良乡-苏庄一里小区,171.43,5室2厅,南/北,,3000,17.5,,,https://bj.lianjia.com/zufang/BJ2074053182866063360.html,2026-05-02 23:13:15,,
liangxiang,整租·时尚家园 3室2厅 复式 南/北,整租,时尚家园,房山区-良乡-时尚家园,209.71,3室2厅,,,3800,18.1,,,https://bj.lianjia.com/zufang/BJ2140746192835837952.html,2026-05-02 23:13:15,,
liangxiang,整租·行宫园 2室1厅 南/北,整租,行宫园,房山区-良乡-行宫园,66.67,2室1厅,南/北,,2500,37.5,,,https://bj.lianjia.com/zufang/BJ2161013522564120576.html,2026-05-02 23:13:15,,
liangxiang,整租·韩建青春誌 3室2厅 南/北,整租,韩建青春誌,房山区-良乡-韩建青春誌,94.29,3室2厅,南/北,,3900,41.4,,,https://bj.lianjia.com/zufang/BJ2077631809155235840.html,2026-05-02 23:13:22,,
liangxiang,整租·绿地诺亚方舟 1房间 东,整租,绿地诺亚方舟 1房间 东,房山区-良乡-绿地诺亚方舟,103.00,,,,4500,43.7,,,https://bj.lianjia.com/zufang/BJ2009939149074726912.html,2026-05-02 23:13:22,,
liangxiang,整租·首开熙悦睿府书香 2房间 东,整租,首开熙悦睿府书香 2房间 东,房山区-良乡-首开熙悦睿府书香,50.00,,,,2400,48.0,,,https://bj.lianjia.com/zufang/BJ2140338930392760320.html,2026-05-02 23:13:22,,
liangxiang,整租·东羊庄回迁楼 2室1厅 南/北,整租,东羊庄回迁楼,房山区-良乡-东羊庄回迁楼,79.50,2室1厅,南/北,,3000,37.7,,,https://bj.lianjia.com/zufang/BJ2154797106500468736.html,2026-05-02 23:13:22,,
liangxiang,整租·月华小区 3室1厅 南/北,整租,月华小区,房山区-良乡-月华小区,102.07,3室1厅,南/北,,2500,24.5,,,https://bj.lianjia.com/zufang/BJ2111664230791905280.html,2026-05-02 23:13:22,,
liangxiang,整租·旭辉E天地 2房间 南,整租,旭辉E天地 2房间 南,房山区-良乡-旭辉,38.02,,,,2500,65.8,,,https://bj.lianjia.com/zufang/BJ2159155069566582784.html,2026-05-02 23:13:22,,
liangxiang,整租·阳光邑上 2室1厅 复式 西,整租,阳光邑上,房山区-良乡-阳光邑上,82.11,2室1厅,,,3200,39.0,,,https://bj.lianjia.com/zufang/BJ2119335877707563008.html,2026-05-02 23:13:22,,
liangxiang,整租·鸿顺园西区 3室2厅 南/北,整租,鸿顺园西区,房山区-良乡-鸿顺园西区,125.04,3室2厅,南/北,,3800,30.4,,,https://bj.lianjia.com/zufang/BJ2073391652088578048.html,2026-05-02 23:13:22,,
liangxiang,整租·旭辉E天地 2房间 复式 南,整租,旭辉E天地 2房间 复式 南,房山区-良乡-旭辉,37.45,,,,2300,61.4,,,https://bj.lianjia.com/zufang/BJ2096451857135173632.html,2026-05-02 23:13:22,,
liangxiang,整租·旭辉E天地 2房间 跃层 南,整租,旭辉E天地 2房间 跃层 南,房山区-良乡-旭辉,34.83,,,,2500,71.8,,,https://bj.lianjia.com/zufang/BJ2122578724585996288.html,2026-05-02 23:13:22,,
liangxiang,整租·中建学府印悦二期 2室1厅 南/北,整租,中建学府印悦二期,房山区-良乡-中建学府印悦二期,74.00,2室1厅,南/北,,4200,56.8,,,https://bj.lianjia.com/zufang/BJ2160629496439373824.html,2026-05-02 23:13:22,,
liangxiang,整租·北京时代广场 2房间 西南,整租,北京时代广场 2房间 西南,房山区-良乡-北京时代广场,36.00,,,,2200,61.1,,,https://bj.lianjia.com/zufang/BJ2093998106973569024.html,2026-05-02 23:13:15,,
liangxiang,整租·西潞园一里 2室1厅 南/北,整租,西潞园一里,房山区-良乡-西潞园一里,65.20,2室1厅,南/北,,2600,39.9,,,https://bj.lianjia.com/zufang/BJ2100925749778186240.html,2026-05-02 23:13:15,,
liangxiang,整租·中建·京西印玥 3室1厅 南/西/北,整租,中建·京西印玥,房山区-良乡-中建,83.75,3室1厅,南/西/北,,4600,54.9,,,https://bj.lianjia.com/zufang/BJ2149125863675789312.html,2026-05-02 23:13:15,,
liangxiang,整租·政通路2号院 2室1厅 南/北,整租,政通路2号院,房山区-良乡-政通路,87.00,2室1厅,南/北,,2300,26.4,,,https://bj.lianjia.com/zufang/BJ2111383468708462592.html,2026-05-02 23:13:15,,
liangxiang,整租·苏庄二里 2室1厅 南/北,整租,苏庄二里,房山区-良乡-苏庄二里,95.43,2室1厅,南/北,,2800,29.3,,,https://bj.lianjia.com/zufang/BJ2043604772082155520.html,2026-05-02 23:13:15,,
liangxiang,整租·鸿顺园西区 2室1厅 南/北,整租,鸿顺园西区,房山区-良乡-鸿顺园西区,103.46,2室1厅,南/北,,3800,36.7,,,https://bj.lianjia.com/zufang/BJ2137846140442247168.html,2026-05-02 23:13:29,,
liangxiang,整租·首创紫悦台 2房间 西,整租,首创紫悦台 2房间 西,房山区-良乡-首创紫悦台,40.00,,,,2600,65.0,,,https://bj.lianjia.com/zufang/BJ2097964930819948544.html,2026-05-02 23:13:29,,
liangxiang,整租·房山超级蜂巢 2房间 南,整租,房山超级蜂巢 2房间 南,房山区-良乡-房山超级蜂巢,39.39,,,,2900,73.6,,,https://bj.lianjia.com/zufang/BJ2097565826524643328.html,2026-05-02 23:13:29,,
liangxiang,整租·行宫园 2室1厅 东/西,整租,行宫园,房山区-良乡-行宫园,82.00,2室1厅,东/西,,2300,28.0,,,https://bj.lianjia.com/zufang/BJ2092221232786178048.html,2026-05-02 23:13:29,,
liangxiang,整租·罗府家园 2室1厅 东/西,整租,罗府家园,房山区-良乡-罗府家园,91.33,2室1厅,东/西,,2700,29.6,,,https://bj.lianjia.com/zufang/BJ2157749938249793536.html,2026-05-02 23:13:29,,
liangxiang,整租·行宫园 2室1厅 南/北,整租,行宫园,房山区-良乡-行宫园,71.07,2室1厅,南/北,,1900,26.7,,,https://bj.lianjia.com/zufang/BJ2088152253117497344.html,2026-05-02 23:13:29,,
liangxiang,整租·绿地诺亚方舟 3房间 南,整租,绿地诺亚方舟 3房间 南,房山区-良乡-绿地诺亚方舟,50.55,,,,3000,59.3,,,https://bj.lianjia.com/zufang/BJ2154228173703741440.html,2026-05-02 23:13:29,,
liangxiang,整租·房山超级蜂巢 2房间 西北,整租,房山超级蜂巢 2房间 西北,房山区-良乡-房山超级蜂巢,60.00,,,,2800,46.7,,,https://bj.lianjia.com/zufang/BJ2111691127391256576.html,2026-05-02 23:13:29,,
liangxiang,整租·西北关200号院 2室1厅 南/北,整租,西北关200号院,房山区-良乡-西北关,69.37,2室1厅,南/北,,2500,36.0,,,https://bj.lianjia.com/zufang/BJ2143695304715665408.html,2026-05-02 23:13:29,,
liangxiang,整租·聪慧里 3室1厅 东/西,整租,聪慧里,房山区-良乡-聪慧里,73.71,3室1厅,东/西,,2800,38.0,,,https://bj.lianjia.com/zufang/BJ2160739447132389376.html,2026-05-02 23:13:29,,
liangxiang,整租·房山超级蜂巢 2房间 北,整租,房山超级蜂巢 2房间 北,房山区-良乡-房山超级蜂巢,42.16,,,,2200,52.2,,,https://bj.lianjia.com/zufang/BJ2034477974081765376.html,2026-05-02 23:13:29,,
liangxiang,整租·北关东路社区 3室1厅 南/北,整租,北关东路社区,房山区-良乡-北关东路社区,67.84,3室1厅,南/北,,2600,38.3,,,https://bj.lianjia.com/zufang/BJ2150601502983454720.html,2026-05-02 23:13:22,,
liangxiang,整租·拱辰大街6、8、10号楼 2室1厅 南/北,整租,拱辰大街6、8、10号楼,房山区-良乡-拱辰大街,77.59,2室1厅,南/北,,3000,38.7,,,https://bj.lianjia.com/zufang/BJ2036390760563081216.html,2026-05-02 23:13:22,,
liangxiang,整租·首创紫悦台 2房间 北,整租,首创紫悦台 2房间 北,房山区-良乡-首创紫悦台,31.11,,,,2300,73.9,,,https://bj.lianjia.com/zufang/BJ2109480509468835840.html,2026-05-02 23:13:22,,
liangxiang,整租·韩建青春誌 1室1厅 南,整租,韩建青春誌,房山区-良乡-韩建青春誌,39.52,1室1厅,南,,2300,58.2,,,https://bj.lianjia.com/zufang/BJ2099809821506142208.html,2026-05-02 23:13:22,,
liangxiang,整租·首开熙悦睿府书香 2房间 南,整租,首开熙悦睿府书香 2房间 南,房山区-良乡-首开熙悦睿府书香,48.71,,,,2400,49.3,,,https://bj.lianjia.com/zufang/BJ2156253811163791360.html,2026-05-02 23:13:22,,
liangxiang,整租·行宫园 2室1厅 南/北,整租,行宫园,房山区-良乡-行宫园,71.45,2室1厅,南/北,,2500,35.0,,,https://bj.lianjia.com/zufang/BJ2151881683371032576.html,2026-05-02 23:13:22,,
liangxiang,整租·政通路西里 3室1厅 南/北,整租,政通路西里,房山区-良乡-政通路西里,83.23,3室1厅,南/北,,2700,32.4,,,https://bj.lianjia.com/zufang/BJ2114681289725444096.html,2026-05-02 23:13:22,,
liangxiang,整租·鸿顺园东区 4室1厅 复式 南,整租,鸿顺园东区,房山区-良乡-鸿顺园东区,151.66,4室1厅,,,4600,30.3,,,https://bj.lianjia.com/zufang/BJ2120063294852038656.html,2026-05-02 23:13:22,,
liangxiang,整租·行宫园 2室1厅 南/北,整租,行宫园,房山区-良乡-行宫园,104.56,2室1厅,南/北,,2700,25.8,,,https://bj.lianjia.com/zufang/BJ2139757176074272768.html,2026-05-02 23:13:22,,
liangxiang,整租·行宫园 2室1厅 南/北,整租,行宫园,房山区-良乡-行宫园,73.00,2室1厅,南/北,,2800,38.4,,,https://bj.lianjia.com/zufang/BJ2094357763382575104.html,2026-05-02 23:13:22,,
liangxiang,整租·苏庄二里 3室2厅 南/北,整租,苏庄二里,房山区-良乡-苏庄二里,130.24,3室2厅,南/北,,4000,30.7,,,https://bj.lianjia.com/zufang/BJ2145806347046748160.html,2026-05-02 23:13:22,,
liangxiang,整租·房山超级蜂巢 3房间 东,整租,房山超级蜂巢 3房间 东,房山区-良乡-房山超级蜂巢,47.79,,,,1800,37.7,,,https://bj.lianjia.com/zufang/BJ2053902560095371264.html,2026-05-02 23:13:22,,
liangxiang,整租·嘉瑞通小区 2室1厅 南,整租,嘉瑞通小区,房山区-良乡-嘉瑞通小区,83.00,2室1厅,南,,3200,38.6,,,https://bj.lianjia.com/zufang/BJ2151170649081511936.html,2026-05-02 23:13:22,,
liangxiang,整租·行宫园 2室1厅 南/北,整租,行宫园,房山区-良乡-行宫园,71.40,2室1厅,南/北,,1800,25.2,,,https://bj.lianjia.com/zufang/BJ2148050285145096192.html,2026-05-02 23:13:22,,
liangxiang,整租·首开熙悦睿府书香 2房间 南,整租,首开熙悦睿府书香 2房间 南,房山区-良乡-首开熙悦睿府书香,51.01,,,,2400,47.0,,,https://bj.lianjia.com/zufang/BJ2146576561149575168.html,2026-05-02 23:13:22,,
liangxiang,整租·玉竹园 1室1厅 南/北,整租,玉竹园,房山区-良乡-玉竹园,65.84,1室1厅,南/北,,2500,38.0,,,https://bj.lianjia.com/zufang/BJ2159204183847206912.html,2026-05-02 23:13:22,,
liangxiang,整租·房山超级蜂巢 2房间 北,整租,房山超级蜂巢 2房间 北,房山区-良乡-房山超级蜂巢,39.40,,,,2200,55.8,,,https://bj.lianjia.com/zufang/BJ2080274255815114752.html,2026-05-02 23:13:29,,
liangxiang,整租·远洋新仕界 2房间 西,整租,远洋新仕界 2房间 西,房山区-良乡-远洋新仕界,27.28,,,,2200,80.6,,,https://bj.lianjia.com/zufang/BJ2118316030450204672.html,2026-05-02 23:13:29,,
liangxiang,整租·旭辉E天地 2房间 复式 北,整租,旭辉E天地 2房间 复式 北,房山区-良乡-旭辉,34.37,,,,2165,63.0,,,https://bj.lianjia.com/zufang/BJ2083779012819156992.html,2026-05-02 23:13:29,,
liangxiang,整租·西潞南大街小区 2室1厅 南/北,整租,西潞南大街小区,房山区-良乡-西潞南大街小区,115.27,2室1厅,南/北,,3200,27.8,,,https://bj.lianjia.com/zufang/BJ2079898515483394048.html,2026-05-02 23:13:29,,
liangxiang,整租·旭辉E天地 2房间 东,整租,旭辉E天地 2房间 东,房山区-良乡-旭辉,36.26,,,,2400,66.2,,,https://bj.lianjia.com/zufang/BJ2114279795238895616.html,2026-05-02 23:13:29,,
liangxiang,整租·佳世苑小区 2室1厅 南/北,整租,佳世苑小区,房山区-良乡-佳世苑小区,96.23,2室1厅,南/北,,3500,36.4,,,https://bj.lianjia.com/zufang/BJ2143206145139933184.html,2026-05-02 23:13:29,,
liangxiang,整租·首创紫悦台 2房间 西,整租,首创紫悦台 2房间 西,房山区-良乡-首创紫悦台,38.00,,,,2600,68.4,,,https://bj.lianjia.com/zufang/BJ2112446734482276352.html,2026-05-02 23:13:29,,
liangxiang,整租·北京时代广场 2房间 西,整租,北京时代广场 2房间 西,房山区-良乡-北京时代广场,44.13,,,,2600,58.9,,,https://bj.lianjia.com/zufang/BJ2144308427822727168.html,2026-05-02 23:13:29,,
liangxiang,整租·行宫园 2室1厅 东/西,整租,行宫园,房山区-良乡-行宫园,76.86,2室1厅,东/西,,2500,32.5,,,https://bj.lianjia.com/zufang/BJ2112115503651618816.html,2026-05-02 23:13:29,,
liangxiang,整租·瑞雪春堂 1室0厅 南,整租,瑞雪春堂,房山区-良乡-瑞雪春堂,50.30,1室0厅,南,,2400,47.7,,,https://bj.lianjia.com/zufang/BJ2146941394088886272.html,2026-05-02 23:13:29,,
liangxiang,整租·宜春里 3室1厅 南/北,整租,宜春里,房山区-良乡-宜春里,78.54,3室1厅,南/北,,2700,34.4,,,https://bj.lianjia.com/zufang/BJ2096483599531376640.html,2026-05-02 23:13:29,,
liangxiang,整租·伟业嘉园西里 2室1厅 东北,整租,伟业嘉园西里,房山区-良乡-伟业嘉园西里,40.15,2室1厅,东北,,2200,54.8,,,https://bj.lianjia.com/zufang/BJ2150124633880264704.html,2026-05-02 23:13:29,,
liangxiang,整租·韩建·观山源墅 3室2厅 南,整租,韩建·观山源墅,房山区-良乡-韩建,94.00,3室2厅,南,,4500,47.9,,,https://bj.lianjia.com/zufang/BJ2159910456645386240.html,2026-05-02 23:13:29,,
liangxiang,整租·花园巷小区 2室1厅 南/北,整租,花园巷小区,房山区-良乡-花园巷小区,72.13,2室1厅,南/北,,2300,31.9,,,https://bj.lianjia.com/zufang/BJ2154851631198371840.html,2026-05-02 23:13:37,,
liangxiang,整租·太平庄东里通尚苑 3室1厅 南/北,整租,太平庄东里通尚苑,房山区-良乡-太平庄东里通尚苑,112.42,3室1厅,南/北,,3500,31.1,,,https://bj.lianjia.com/zufang/BJ2097164764072378368.html,2026-05-02 23:13:37,,
liangxiang,整租·阳光邑上 2室1厅 南/北,整租,阳光邑上,房山区-良乡-阳光邑上,86.43,2室1厅,南/北,,3600,41.7,,,https://bj.lianjia.com/zufang/BJ2157472700950380544.html,2026-05-02 23:13:37,,
liangxiang,整租·北关东路社区 2室1厅 南,整租,北关东路社区,房山区-良乡-北关东路社区,50.02,2室1厅,南,,2500,50.0,,,https://bj.lianjia.com/zufang/BJ2104814294670508032.html,2026-05-02 23:13:29,,
liangxiang,整租·韩建青春誌 1室1厅 南/北,整租,韩建青春誌,房山区-良乡-韩建青春誌,39.52,1室1厅,南/北,,2600,65.8,,,https://bj.lianjia.com/zufang/BJ2159977618009489408.html,2026-05-02 23:13:29,,
liangxiang,整租·阳光邑上 3室2厅 南,整租,阳光邑上,房山区-良乡-阳光邑上,125.00,3室2厅,南,,3800,30.4,,,https://bj.lianjia.com/zufang/BJ2097250626906882048.html,2026-05-02 23:13:29,,
liangxiang,整租·佳世苑小区 2室1厅 西南,整租,佳世苑小区,房山区-良乡-佳世苑小区,99.95,2室1厅,西南,,3500,35.0,,,https://bj.lianjia.com/zufang/BJ2152242704958881792.html,2026-05-02 23:13:37,,
liangxiang,整租·首开熙悦睿府书香 2室1厅 南/北,整租,首开熙悦睿府书香,房山区-良乡-首开熙悦睿府书香,85.42,2室1厅,南/北,,4000,46.8,,,https://bj.lianjia.com/zufang/BJ2142807531716608000.html,2026-05-02 23:13:37,,
liangxiang,整租·佳世苑小区 3室1厅 南/北,整租,佳世苑小区,房山区-良乡-佳世苑小区,102.27,3室1厅,南/北,,3200,31.3,,,https://bj.lianjia.com/zufang/BJ2128819744034258944.html,2026-05-02 23:13:37,,
liangxiang,整租·首创紫悦台 2房间 北,整租,首创紫悦台 2房间 北,房山区-良乡-首创紫悦台,27.81,,,,2000,71.9,,,https://bj.lianjia.com/zufang/BJ2154086130943787008.html,2026-05-02 23:13:37,,
liangxiang,整租·旭辉E天地 2房间 南,整租,旭辉E天地 2房间 南,房山区-良乡-旭辉,36.00,,,,2700,75.0,,,https://bj.lianjia.com/zufang/BJ2146920410573176832.html,2026-05-02 23:13:37,,
liangxiang,整租·韩建青春誌 2室1厅 南/北,整租,韩建青春誌,房山区-良乡-韩建青春誌,105.76,2室1厅,南/北,,3900,36.9,,,https://bj.lianjia.com/zufang/BJ2050508732957196288.html,2026-05-02 23:13:37,,
liangxiang,整租·拱辰大街 2室1厅 南/北,整租,拱辰大街,房山区-良乡-拱辰大街,54.44,2室1厅,南/北,,2000,36.7,,,https://bj.lianjia.com/zufang/BJ2157452038936461312.html,2026-05-02 23:13:37,,
liangxiang,整租·鸿顺园西区 2室1厅 南/北,整租,鸿顺园西区,房山区-良乡-鸿顺园西区,90.01,2室1厅,南/北,,3200,35.6,,,https://bj.lianjia.com/zufang/BJ2160940860781363200.html,2026-05-02 23:13:37,,
liangxiang,整租·佳世苑小区 3室1厅 南/北,整租,佳世苑小区,房山区-良乡-佳世苑小区,145.38,3室1厅,南/北,,4300,29.6,,,https://bj.lianjia.com/zufang/BJ2156712364638994432.html,2026-05-02 23:14:02,,
liangxiang,整租·花园巷小区 2室1厅 南/北,整租,花园巷小区,房山区-良乡-花园巷小区,71.37,2室1厅,南/北,,2200,30.8,,,https://bj.lianjia.com/zufang/BJ2121532556456230912.html,2026-05-02 23:14:02,,
liangxiang,整租·时尚家园 2室1厅 南/北,整租,时尚家园,房山区-良乡-时尚家园,118.25,2室1厅,南/北,,2800,23.7,,,https://bj.lianjia.com/zufang/BJ2152321456292233216.html,2026-05-02 23:13:37,,
liangxiang,整租·行宫园 2室1厅 南/北,整租,行宫园,房山区-良乡-行宫园,84.63,2室1厅,南/北,,2300,27.2,,,https://bj.lianjia.com/zufang/BJ2049757935441018880.html,2026-05-02 23:13:37,,
liangxiang,整租·旭辉E天地 2房间 北,整租,旭辉E天地 2房间 北,房山区-良乡-旭辉,36.24,,,,2000,55.2,,,https://bj.lianjia.com/zufang/BJ2129193959606452224.html,2026-05-02 23:13:37,,
liangxiang,整租·西潞东里社区 2室1厅 南/北,整租,西潞东里社区,房山区-良乡-西潞东里社区,90.07,2室1厅,南/北,,3000,33.3,,,https://bj.lianjia.com/zufang/BJ2138967869516414976.html,2026-05-02 23:13:37,,
liangxiang,整租·佳世苑小区 2室2厅 南/北,整租,佳世苑小区,房山区-良乡-佳世苑小区,96.43,2室2厅,南/北,,3300,34.2,,,https://bj.lianjia.com/zufang/BJ2127643445139865600.html,2026-05-02 23:13:37,,
liangxiang,整租·行宫园 2室1厅 南/北,整租,行宫园,房山区-良乡-行宫园,89.32,2室1厅,南/北,,3000,33.6,,,https://bj.lianjia.com/zufang/BJ2092540646958039040.html,2026-05-02 23:13:37,,
liangxiang,整租·嘉瑞通小区 2室1厅 南/西,整租,嘉瑞通小区,房山区-良乡-嘉瑞通小区,84.28,2室1厅,南/西,,3100,36.8,,,https://bj.lianjia.com/zufang/BJ2091415635312508928.html,2026-05-02 23:13:37,,
liangxiang,整租·楸树家园 3室2厅 南/北,整租,楸树家园,房山区-良乡-楸树家园,114.35,3室2厅,南/北,,3600,31.5,,,https://bj.lianjia.com/zufang/BJ2148401091866263552.html,2026-05-02 23:13:37,,
liangxiang,整租·首创紫悦台 2室1厅 南,整租,首创紫悦台,房山区-良乡-首创紫悦台,74.96,2室1厅,南,,3400,45.4,,,https://bj.lianjia.com/zufang/BJ2158842895560343552.html,2026-05-02 23:13:37,,
liangxiang,整租·行宫园 2室1厅 南/北,整租,行宫园,房山区-良乡-行宫园,60.75,2室1厅,南/北,,3000,49.4,,,https://bj.lianjia.com/zufang/BJ2126163316983201792.html,2026-05-02 23:13:37,,
liangxiang,整租·瑞雪春堂 1室1厅 南,整租,瑞雪春堂,房山区-良乡-瑞雪春堂,56.71,1室1厅,南,,2300,40.6,,,https://bj.lianjia.com/zufang/BJ2073336740772315136.html,2026-05-02 23:13:37,,
liangxiang,整租·明源北里 2室1厅 南,整租,明源北里,房山区-良乡-明源北里,58.00,2室1厅,南,,1800,31.0,,,https://bj.lianjia.com/zufang/BJ2121247047569899520.html,2026-05-02 23:13:37,,
liangxiang,整租·北潞馨家园 2室1厅 南/北,整租,北潞馨家园,房山区-良乡-北潞馨家园,91.38,2室1厅,南/北,,4200,46.0,,,https://bj.lianjia.com/zufang/BJ2155688244677705728.html,2026-05-02 23:13:37,,
liangxiang,整租·东羊庄新村 2室1厅 南/西,整租,东羊庄新村,房山区-良乡-东羊庄新村,108.00,2室1厅,南/西,,3300,30.6,,,https://bj.lianjia.com/zufang/BJ2141177355857559552.html,2026-05-02 23:14:02,,
liangxiang,整租·行宫园 2室1厅 东/西,整租,行宫园,房山区-良乡-行宫园,81.27,2室1厅,东/西,,2600,32.0,,,https://bj.lianjia.com/zufang/BJ1989979611106115584.html,2026-05-02 23:13:37,,
liangxiang,整租·嘉瑞通小区 1室1厅 南,整租,嘉瑞通小区,房山区-良乡-嘉瑞通小区,64.86,1室1厅,南,,2600,40.1,,,https://bj.lianjia.com/zufang/BJ2143030102269624320.html,2026-05-02 23:13:37,,
liangxiang,整租·伟业嘉园西里 2室1厅 南,整租,伟业嘉园西里,房山区-良乡-伟业嘉园西里,53.00,2室1厅,南,,2100,39.6,,,https://bj.lianjia.com/zufang/BJ2103381320200617984.html,2026-05-02 23:13:37,,
liangxiang,整租·佳世苑小区 2室2厅 南/北,整租,佳世苑小区,房山区-良乡-佳世苑小区,96.52,2室2厅,南/北,,2800,29.0,,,https://bj.lianjia.com/zufang/BJ2146252140195086336.html,2026-05-02 23:14:02,,
liangxiang,整租·中建·北京国贤府 3室2厅 南/北,整租,中建·北京国贤府,房山区-良乡-中建,89.00,3室2厅,南/北,,6000,67.4,,,https://bj.lianjia.com/zufang/BJ2145008778993467392.html,2026-05-02 23:14:02,,
liangxiang,整租·远洋新仕界 3室1厅 南/北,整租,远洋新仕界,房山区-良乡-远洋新仕界,95.00,3室1厅,南/北,,4500,47.4,,,https://bj.lianjia.com/zufang/BJ2160677667228090368.html,2026-05-02 23:14:02,,
liangxiang,整租·体育场路26号院 2室1厅 南,整租,体育场路26号院,房山区-良乡-体育场路,56.39,2室1厅,南,,2100,37.2,,,https://bj.lianjia.com/zufang/BJ2146598290064408576.html,2026-05-02 23:14:02,,
liangxiang,整租·明源北里 2室1厅 南,整租,明源北里,房山区-良乡-明源北里,44.06,2室1厅,南,,1900,43.1,,,https://bj.lianjia.com/zufang/BJ2158082515896631296.html,2026-05-02 23:14:02,,
liangxiang,整租·东关家园 2室1厅 南/北,整租,东关家园,房山区-良乡-东关家园,76.00,2室1厅,南/北,,2200,28.9,,,https://bj.lianjia.com/zufang/BJ2157789157642993664.html,2026-05-02 23:14:02,,
liangxiang,整租·北潞馨家园 2室1厅 南/北,整租,北潞馨家园,房山区-良乡-北潞馨家园,90.80,2室1厅,南/北,,3300,36.3,,,https://bj.lianjia.com/zufang/BJ2150942642500796416.html,2026-05-02 23:14:02,,
liangxiang,整租·瑞雪春堂 2室1厅 南,整租,瑞雪春堂,房山区-良乡-瑞雪春堂,71.65,2室1厅,南,,2700,37.7,,,https://bj.lianjia.com/zufang/BJ2158079846754811904.html,2026-05-02 23:14:02,,
liangxiang,整租·罗府家园 2室1厅 东/西,整租,罗府家园,房山区-良乡-罗府家园,81.39,2室1厅,东/西,,3000,36.9,,,https://bj.lianjia.com/zufang/BJ2125120600925011968.html,2026-05-02 23:14:02,,
liangxiang,整租·绿湾星苑 2室1厅 南/北,整租,绿湾星苑,房山区-良乡-绿湾星苑,74.95,2室1厅,南/北,,3400,45.4,,,https://bj.lianjia.com/zufang/BJ1791114113884094464.html,2026-05-02 23:14:28,,
liangxiang,整租·北京华发中央公园 3室1厅 南/北,整租,北京华发中央公园,房山区-良乡-北京华发中央公园,89.90,3室1厅,南/北,,3200,35.6,,,https://bj.lianjia.com/zufang/BJ1796904221778378752.html,2026-05-02 23:14:28,,
liangxiang,整租·韩建青春誌 1室1厅 南,整租,韩建青春誌,房山区-良乡-韩建青春誌,40.00,1室1厅,南,,2000,50.0,,,https://bj.lianjia.com/zufang/BJ1718228306291064832.html,2026-05-02 23:14:20,,
liangxiang,整租·建华北里小区 2室1厅 南/北,整租,建华北里小区,房山区-良乡-建华北里小区,89.94,2室1厅,南/北,,2100,23.3,,,https://bj.lianjia.com/zufang/BJ1722536456523612160.html,2026-05-02 23:14:20,,
liangxiang,整租·瑞雪春堂 2室1厅 东/南/北,整租,瑞雪春堂,房山区-良乡-瑞雪春堂,91.05,2室1厅,东/南/北,,3300,36.2,,,https://bj.lianjia.com/zufang/BJ1742519190176137216.html,2026-05-02 23:14:20,,
liangxiang,整租·北关东路社区 1室1厅 南,整租,北关东路社区,房山区-良乡-北关东路社区,36.05,1室1厅,南,,2300,63.8,,,https://bj.lianjia.com/zufang/BJ1747560458086252544.html,2026-05-02 23:14:20,,
liangxiang,整租·旭辉E天地 2房间 东,整租,旭辉E天地 2房间 东,房山区-良乡-旭辉,37.40,,,,1800,48.1,,,https://bj.lianjia.com/zufang/BJ1757959056380657664.html,2026-05-02 23:14:28,,
liangxiang,整租·政通路2号院 3室1厅 东南/北,整租,政通路2号院,房山区-良乡-政通路,102.00,3室1厅,东南/北,,3000,29.4,,,https://bj.lianjia.com/zufang/BJ1760983391974457344.html,2026-05-02 23:14:28,,
liangxiang,整租·旭辉E天地 2房间 东南,整租,旭辉E天地 2房间 东南,房山区-良乡-旭辉,35.50,,,,2100,59.2,,,https://bj.lianjia.com/zufang/BJ1881641959534100480.html,2026-05-02 23:14:28,,
liangxiang,整租·旭辉E天地 2房间 东,整租,旭辉E天地 2房间 东,房山区-良乡-旭辉,36.05,,,,2350,65.2,,,https://bj.lianjia.com/zufang/BJ1884117102042808320.html,2026-05-02 23:14:28,,
liangxiang,整租·绿湾星苑 2室1厅 南/北,整租,绿湾星苑,房山区-良乡-绿湾星苑,74.02,2室1厅,南/北,,3000,40.5,,,https://bj.lianjia.com/zufang/BJ1887522436912513024.html,2026-05-02 23:14:28,,
liangxiang,整租·旭辉E天地 2房间 复式 南,整租,旭辉E天地 2房间 复式 南,房山区-良乡-旭辉,35.00,,,,2380,68.0,,,https://bj.lianjia.com/zufang/BJ1761748835530440704.html,2026-05-02 23:14:28,,
liangxiang,整租·恒大滨河左岸南区 2室1厅 东,整租,恒大滨河左岸南区,房山区-良乡-恒大滨河左岸南区,84.00,2室1厅,东,,3400,40.5,,,https://bj.lianjia.com/zufang/BJ1764975652613652480.html,2026-05-02 23:14:28,,
liangxiang,整租·首开熙悦睿府书香 2房间 北,整租,首开熙悦睿府书香 2房间 北,房山区-良乡-首开熙悦睿府书香,48.18,,,,2500,51.9,,,https://bj.lianjia.com/zufang/BJ1902999545575374848.html,2026-05-02 23:14:28,,
liangxiang,整租·北潞冠家园 3室1厅 南/北,整租,北潞冠家园,房山区-良乡-北潞冠家园,120.53,3室1厅,南/北,,2500,20.7,,,https://bj.lianjia.com/zufang/BJ1912507632552247296.html,2026-05-02 23:14:28,,
liangxiang,整租·鸿顺园西区 3室1厅 南/北,整租,鸿顺园西区,房山区-良乡-鸿顺园西区,125.00,3室1厅,南/北,,3500,28.0,,,https://bj.lianjia.com/zufang/BJ1916340698148241408.html,2026-05-02 23:14:28,,
liangxiang,整租·房山超级蜂巢 2房间 南,整租,房山超级蜂巢 2房间 南,房山区-良乡-房山超级蜂巢,41.22,,,,2100,50.9,,,https://bj.lianjia.com/zufang/BJ1925536326812172288.html,2026-05-02 23:14:13,,
liangxiang,整租·房山超级蜂巢 2房间 西,整租,房山超级蜂巢 2房间 西,房山区-良乡-房山超级蜂巢,48.76,,,,1800,36.9,,,https://bj.lianjia.com/zufang/BJ1626565926071566336.html,2026-05-02 23:14:20,,
liangxiang,整租·瑞雪春堂 3房间 东,整租,瑞雪春堂 3房间 东,房山区-良乡-瑞雪春堂,36.78,,,,2200,59.8,,,https://bj.lianjia.com/zufang/BJ1923083946627694592.html,2026-05-02 23:14:20,,
liangxiang,整租·梅花庄 3室1厅 南/北,整租,梅花庄,房山区-良乡-梅花庄,116.16,3室1厅,南/北,,3000,25.8,,,https://bj.lianjia.com/zufang/BJ2154173654311632896.html,2026-05-02 23:14:13,,
liangxiang,整租·房山超级蜂巢 2房间 南,整租,房山超级蜂巢 2房间 南,房山区-良乡-房山超级蜂巢,39.39,,,,1700,43.2,,,https://bj.lianjia.com/zufang/BJ1842121734199705600.html,2026-05-02 23:14:13,,
liangxiang,整租·聪慧里 3室1厅 东/西,整租,聪慧里,房山区-良乡-聪慧里,69.28,3室1厅,东/西,,2000,28.9,,,https://bj.lianjia.com/zufang/BJ1858058981952454656.html,2026-05-02 23:14:13,,
liangxiang,整租·旭辉E天地 2房间 北,整租,旭辉E天地 2房间 北,房山区-良乡-旭辉,36.24,,,,1900,52.4,,,https://bj.lianjia.com/zufang/BJ1860276861431447552.html,2026-05-02 23:14:13,,
liangxiang,整租·西潞北大街二中家属楼 2室1厅 南/北,整租,西潞北大街二中家属楼,房山区-良乡-西潞北大街二中家属楼,70.42,2室1厅,南/北,,2100,29.8,,,https://bj.lianjia.com/zufang/BJ1945082888147959808.html,2026-05-02 23:14:20,,
liangxiang,整租·旭辉E天地 2房间 复式 南,整租,旭辉E天地 2房间 复式 南,房山区-良乡-旭辉,52.00,,,,2700,51.9,,,https://bj.lianjia.com/zufang/BJ1956655970981511168.html,2026-05-02 23:14:20,,
liangxiang,整租·瑞雪春堂 2室1厅 南/北,整租,瑞雪春堂,房山区-良乡-瑞雪春堂,90.00,2室1厅,南/北,,2800,31.1,,,https://bj.lianjia.com/zufang/BJ2003082693931171840.html,2026-05-02 23:14:20,,
liangxiang,整租·房山超级蜂巢 2房间 东南,整租,房山超级蜂巢 2房间 东南,房山区-良乡-房山超级蜂巢,41.87,,,,1943,46.4,,,https://bj.lianjia.com/zufang/BJ1963995339018993664.html,2026-05-02 23:14:20,,
liangxiang,整租·首开熙悦睿府书香 2房间 西,整租,首开熙悦睿府书香 2房间 西,房山区-良乡-首开熙悦睿府书香,50.27,,,,2520,50.1,,,https://bj.lianjia.com/zufang/BJ1971567018029088768.html,2026-05-02 23:14:20,,
liangxiang,整租·绿地诺亚方舟 3房间 北,整租,绿地诺亚方舟 3房间 北,房山区-良乡-绿地诺亚方舟,49.44,,,,2900,58.7,,,https://bj.lianjia.com/zufang/BJ1976894026707632128.html,2026-05-02 23:14:20,,
liangxiang,整租·绿地诺亚方舟 1房间 西,整租,绿地诺亚方舟 1房间 西,房山区-良乡-绿地诺亚方舟,50.00,,,,2700,54.0,,,https://bj.lianjia.com/zufang/BJ1981733580249759744.html,2026-05-02 23:14:20,,
liangxiang,整租·北京时代广场 2房间 东,整租,北京时代广场 2房间 东,房山区-良乡-北京时代广场,36.16,,,,2000,55.3,,,https://bj.lianjia.com/zufang/BJ1968289140998930432.html,2026-05-02 23:14:20,,
liangxiang,整租·首开熙悦睿府书香 2房间 南,整租,首开熙悦睿府书香 2房间 南,房山区-良乡-首开熙悦睿府书香,34.07,,,,2205,64.7,,,https://bj.lianjia.com/zufang/BJ1982015394163982336.html,2026-05-02 23:14:20,,
liangxiang,整租·北京时代广场 2房间 西,整租,北京时代广场 2房间 西,房山区-良乡-北京时代广场,37.13,,,,2400,64.6,,,https://bj.lianjia.com/zufang/BJ1658434276904927232.html,2026-05-02 23:14:20,,
liangxiang,整租·韩建青春誌 1室1厅 南,整租,韩建青春誌,房山区-良乡-韩建青春誌,42.23,1室1厅,南,,2700,63.9,,,https://bj.lianjia.com/zufang/BJ1930569752070062080.html,2026-05-02 23:14:20,,
liangxiang,整租·绿地诺亚方舟 2房间 南,整租,绿地诺亚方舟 2房间 南,房山区-良乡-绿地诺亚方舟,57.33,,,,2800,48.8,,,https://bj.lianjia.com/zufang/BJ1938988261439438848.html,2026-05-02 23:14:20,,
liangxiang,整租·远洋新仕界 2房间 西南,整租,远洋新仕界 2房间 西南,房山区-良乡-远洋新仕界,39.27,,,,2200,56.0,,,https://bj.lianjia.com/zufang/BJ1943690873069895680.html,2026-05-02 23:14:20,,
liangxiang,整租·西潞园二里 2室1厅 南/北,整租,西潞园二里,房山区-良乡-西潞园二里,65.00,2室1厅,南/北,,2500,38.5,,,https://bj.lianjia.com/zufang/BJ1944685408969293824.html,2026-05-02 23:14:20,,
liangxiang,整租·首开熙悦睿府书香 2房间 南,整租,首开熙悦睿府书香 2房间 南,房山区-良乡-首开熙悦睿府书香,48.70,,,,2500,51.3,,,https://bj.lianjia.com/zufang/BJ1948247616894533632.html,2026-05-02 23:14:20,,
liangxiang,整租·瑞雪春堂 2室1厅 南/北,整租,瑞雪春堂,房山区-良乡-瑞雪春堂,84.00,2室1厅,南/北,,3000,35.7,,,https://bj.lianjia.com/zufang/BJ1675144499526893568.html,2026-05-02 23:14:20,,
liangxiang,整租·旭辉E天地 2房间 北,整租,旭辉E天地 2房间 北,房山区-良乡-旭辉,30.49,,,,2500,82.0,,,https://bj.lianjia.com/zufang/BJ1681237361863688192.html,2026-05-02 23:14:20,,
liangxiang,整租·绿地诺亚方舟 2房间 南,整租,绿地诺亚方舟 2房间 南,房山区-良乡-绿地诺亚方舟,51.14,,,,2500,48.9,,,https://bj.lianjia.com/zufang/BJ1678978741725822976.html,2026-05-02 23:14:20,,
liangxiang,整租·鸿顺园西区 2室1厅 南/北,整租,鸿顺园西区,房山区-良乡-鸿顺园西区,87.63,2室1厅,南/北,,2625,30.0,,,https://bj.lianjia.com/zufang/BJ2144817779931348992.html,2026-05-02 23:14:37,,
liangxiang,整租·旭辉E天地 2房间 南,整租,旭辉E天地 2房间 南,房山区-良乡-旭辉,35.55,,,,2400,67.5,,,https://bj.lianjia.com/zufang/BJ2073645647151497216.html,2026-05-02 23:14:28,,
liangxiang,整租·西潞园二里 2室1厅 南/北,整租,西潞园二里,房山区-良乡-西潞园二里,62.41,2室1厅,南/北,,1900,30.4,,,https://bj.lianjia.com/zufang/BJ2078839322160660480.html,2026-05-02 23:14:37,,
liangxiang,整租·北京时代广场 2房间 北,整租,北京时代广场 2房间 北,房山区-良乡-北京时代广场,36.80,,,,2100,57.1,,,https://bj.lianjia.com/zufang/BJ2077633855526797312.html,2026-05-02 23:14:37,,
liangxiang,整租·黄辛庄东里 3室1厅 南,整租,黄辛庄东里,房山区-良乡-黄辛庄东里,114.48,3室1厅,南,,2200,19.2,,,https://bj.lianjia.com/zufang/BJ2054463772164096000.html,2026-05-02 23:14:28,,
liangxiang,整租·阳光邑上 2室1厅 东/西北,整租,阳光邑上,房山区-良乡-阳光邑上,68.21,2室1厅,东/西北,,3045,44.6,,,https://bj.lianjia.com/zufang/BJ2062780932934336512.html,2026-05-02 23:14:28,,
liangxiang,整租·西潞园四里 1室1厅 南/北,整租,西潞园四里,房山区-良乡-西潞园四里,50.96,1室1厅,南/北,,1800,35.3,,,https://bj.lianjia.com/zufang/BJ2066878249035628544.html,2026-05-02 23:14:28,,
liangxiang,整租·首开熙悦睿府书香 2室1厅 南/北,整租,首开熙悦睿府书香,房山区-良乡-首开熙悦睿府书香,85.42,2室1厅,南/北,,3800,44.5,,,https://bj.lianjia.com/zufang/BJ2070403081144631296.html,2026-05-02 23:14:28,,
liangxiang,整租·绿地诺亚方舟 1室1厅 南,整租,绿地诺亚方舟,房山区-良乡-绿地诺亚方舟,50.00,1室1厅,南,,2940,58.8,,,https://bj.lianjia.com/zufang/BJ2039318723600318464.html,2026-05-02 23:14:37,,
liangxiang,整租·首开熙悦睿府书香 1房间 南,整租,首开熙悦睿府书香 1房间 南,房山区-良乡-首开熙悦睿府书香,48.59,,,,2310,47.5,,,https://bj.lianjia.com/zufang/BJ2029197272348098560.html,2026-05-02 23:14:37,,
liangxiang,整租·水岸壹号 2室1厅 东,整租,水岸壹号,房山区-良乡-水岸壹号,74.35,2室1厅,东,,2940,39.5,,,https://bj.lianjia.com/zufang/BJ2033533456985620480.html,2026-05-02 23:14:37,,
liangxiang,整租·首开熙悦睿府书香 2房间 北,整租,首开熙悦睿府书香 2房间 北,房山区-良乡-首开熙悦睿府书香,47.11,,,,2000,42.5,,,https://bj.lianjia.com/zufang/BJ2158194894504460288.html,2026-05-02 23:15:10,,
liangxiang,整租·北潞芳家园 2室1厅 南/北,整租,北潞芳家园,房山区-良乡-北潞芳家园,85.41,2室1厅,南/北,,2000,23.4,,,https://bj.lianjia.com/zufang/BJ2151543397909790720.html,2026-05-02 23:15:10,,
liangxiang,整租·四合巷小区 2室1厅 南/北,整租,四合巷小区,房山区-良乡-四合巷小区,64.70,2室1厅,南/北,,2000,30.9,,,https://bj.lianjia.com/zufang/BJ2152370567435517952.html,2026-05-02 23:15:10,,
liangxiang,整租·恒大滨河左岸南区 1室1厅 东/西,整租,恒大滨河左岸南区,房山区-良乡-恒大滨河左岸南区,67.73,1室1厅,东/西,,2415,35.7,,,https://bj.lianjia.com/zufang/BJ2103422143978012672.html,2026-05-02 23:14:37,,
liangxiang,整租·绿地诺亚方舟 2房间 北,整租,绿地诺亚方舟 2房间 北,房山区-良乡-绿地诺亚方舟,39.97,,,,2400,60.0,,,https://bj.lianjia.com/zufang/BJ2139328463398502400.html,2026-05-02 23:14:37,,
liangxiang,整租·宜春里 2室2厅 南/北,整租,宜春里,房山区-良乡-宜春里,77.13,2室2厅,南/北,,2200,28.5,,,https://bj.lianjia.com/zufang/BJ2144028885568716800.html,2026-05-02 23:14:37,,
liangxiang,整租·北京时代广场 2房间 南,整租,北京时代广场 2房间 南,房山区-良乡-北京时代广场,33.00,,,,2000,60.6,,,https://bj.lianjia.com/zufang/BJ2157070452663517184.html,2026-05-02 23:15:10,,
liangxiang,整租·北京华发中央公园 3室1厅 南/北,整租,北京华发中央公园,房山区-良乡-北京华发中央公园,85.23,3室1厅,南/北,,3700,43.4,,,https://bj.lianjia.com/zufang/BJ2153333562735067136.html,2026-05-02 23:14:37,,
liangxiang,整租·瑞雪春堂 2室1厅 南/北,整租,瑞雪春堂,房山区-良乡-瑞雪春堂,79.98,2室1厅,南/北,,2800,35.0,,,https://bj.lianjia.com/zufang/BJ2153707570202673152.html,2026-05-02 23:14:37,,
liangxiang,整租·旭辉E天地 2房间 南,整租,旭辉E天地 2房间 南,房山区-良乡-旭辉,38.72,,,,2350,60.7,,,https://bj.lianjia.com/zufang/BJ2115087296305823744.html,2026-05-02 23:14:37,,
liangxiang,整租·北京时代广场 2房间 西南,整租,北京时代广场 2房间 西南,房山区-良乡-北京时代广场,34.51,,,,2100,60.9,,,https://bj.lianjia.com/zufang/BJ2149514209468088320.html,2026-05-02 23:15:10,,
liangxiang,整租·北京时代广场 2房间 东,整租,北京时代广场 2房间 东,房山区-良乡-北京时代广场,35.42,,,,2000,56.5,,,https://bj.lianjia.com/zufang/BJ2149904107685543936.html,2026-05-02 23:15:10,,
liangxiang,整租·鸿顺园东区 1室1厅 西北,整租,鸿顺园东区,房山区-良乡-鸿顺园东区,37.43,1室1厅,西北,,2300,61.4,,,https://bj.lianjia.com/zufang/BJ2150265186378842112.html,2026-05-02 23:15:10,,
liangxiang,整租·昊天温泉家园 2室1厅 南/北,整租,昊天温泉家园,房山区-良乡-昊天温泉家园,76.78,2室1厅,南/北,,2100,27.4,,,https://bj.lianjia.com/zufang/BJ2150271824179494912.html,2026-05-02 23:15:10,,
liangxiang,整租·旭辉E天地 2房间 西北,整租,旭辉E天地 2房间 西北,房山区-良乡-旭辉,35.73,,,,2100,58.8,,,https://bj.lianjia.com/zufang/BJ2151330955212619776.html,2026-05-02 23:15:10,,
liangxiang,整租·旭辉E天地 2房间 西北,整租,旭辉E天地 2房间 西北,房山区-良乡-旭辉,30.56,,,,2000,65.4,,,https://bj.lianjia.com/zufang/BJ2057117234014191616.html,2026-05-02 23:15:10,,
liangxiang,整租·昊天嘉园 2室1厅 南/北,整租,昊天嘉园,房山区-良乡-昊天嘉园,85.10,2室1厅,南/北,,2900,34.1,,,https://bj.lianjia.com/zufang/BJ2029498586303037440.html,2026-05-02 23:15:10,,
liangxiang,整租·远洋新仕界 3房间 东/南,整租,远洋新仕界 3房间 东/南,房山区-良乡-远洋新仕界,45.00,,,,2400,53.3,,,https://bj.lianjia.com/zufang/BJ1925443184255565824.html,2026-05-02 23:15:10,,
liangxiang,整租·旭辉E天地 2房间 北,整租,旭辉E天地 2房间 北,房山区-良乡-旭辉,35.44,,,,2185,61.7,,,https://bj.lianjia.com/zufang/BJ1877990788873322496.html,2026-05-02 23:15:10,,
