region,title,rent_type,community,location,area,rooms,direction,floor,price,unit_price,tags,source,url,scraped_at,lat,lng
马家堡,整租·兴琦家园 2室1厅 南,整租,兴琦家园,丰台区-马家堡-兴琦家园,86.44,2室1厅,南,,5300,61.3,,,https://bj.lianjia.com/zufang/BJ2151178043022901248.html,2026-05-02 22:12:56,39.85289,116.36007
马家堡,整租·西马金润二区 3室1厅 南/北,整租,西马金润二区,丰台区-马家堡-西马金润二区,89.66,3室1厅,南/北,,5800,64.7,,,https://bj.lianjia.com/zufang/BJ2026921263963832320.html,2026-05-02 22:14:17,39.838596,116.375698
马家堡,整租·东亚三环 1室0厅 北,整租,东亚三环,丰台区-马家堡-东亚三环,35.00,1室0厅,北,,3750,107.1,,,https://bj.lianjia.com/zufang/BJ2160658556032909312.html,2026-05-02 22:12:56,39.842817,116.379676
马家堡,整租·星河城西区 2室1厅 西南,整租,星河城西区,丰台区-马家堡-星河城西区,102.00,2室1厅,西南,,7500,73.5,,,https://bj.lianjia.com/zufang/BJ2158182061892960256.html,2026-05-02 22:12:56,39.836706,116.359228
马家堡,整租·7克拉 2房间 复式 西,整租,7克拉 2房间 复式 西,丰台区-马家堡,40.68,,,,3700,91.0,,,https://bj.lianjia.com/zufang/BJ2157809856994607104.html,2026-05-02 22:14:21,39.859486,116.380288
马家堡,整租·福海棠·华府 2室1厅 北,整租,福海棠·华府,丰台区-马家堡-福海棠,82.11,2室1厅,北,,5490,66.9,,,https://bj.lianjia.com/zufang/BJ1880599981832798208.html,2026-05-02 22:12:56,39.84281,116.3796
马家堡,整租·未来假日 4室2厅 南/北,整租,未来假日,丰台区-马家堡-未来假日,262.78,4室2厅,南/北,,19800,75.3,,,https://bj.lianjia.com/zufang/BJ2156596373615542272.html,2026-05-02 22:12:56,39.85289,116.36007
马家堡,整租·明月嘉园 2室1厅 西南,整租,明月嘉园,丰台区-马家堡-明月嘉园,90.96,2室1厅,西南,,6600,72.6,,,https://bj.lianjia.com/zufang/BJ2150968492944261120.html,2026-05-02 22:13:23,39.85289,116.36007
马家堡,整租·福海棠·华府 2室1厅 南/北,整租,福海棠·华府,丰台区-马家堡-福海棠,74.27,2室1厅,南/北,,5600,75.4,,,https://bj.lianjia.com/zufang/BJ2159651489725808640.html,2026-05-02 22:12:56,39.84281,116.3796
马家堡,整租·星河城西区 1室1厅 东,整租,星河城西区,丰台区-马家堡-星河城西区,68.88,1室1厅,东,,6600,95.8,,,https://bj.lianjia.com/zufang/BJ2159218229313011712.html,2026-05-02 22:13:23,39.836706,116.359228
马家堡,整租·瑞丽江畔 2室1厅 西,整租,瑞丽江畔,丰台区-马家堡-瑞丽江畔,71.73,2室1厅,西,,6300,87.8,,,https://bj.lianjia.com/zufang/BJ2149829960443887616.html,2026-05-02 22:13:15,39.85289,116.36007
马家堡,整租·西马金润二区 1室1厅 东,整租,西马金润二区,丰台区-马家堡-西马金润二区,65.73,1室1厅,东,,4300,65.4,,,https://bj.lianjia.com/zufang/BJ2147988036758011904.html,2026-05-02 22:14:26,39.838596,116.375698
马家堡,整租·润景家园 2室1厅 南/北,整租,润景家园,丰台区-马家堡-润景家园,112.00,2室1厅,南/北,,8200,73.2,,,https://bj.lianjia.com/zufang/BJ2145461897430827008.html,2026-05-02 22:13:18,39.85289,116.36007
马家堡,整租·富卓苑 1室0厅 西,整租,富卓苑,丰台区-马家堡-富卓苑,36.00,1室0厅,西,,3900,108.3,,,https://bj.lianjia.com/zufang/BJ2153801910291791872.html,2026-05-02 22:12:56,39.85289,116.36007
马家堡,整租·新新天第 2室1厅 南,整租,新新天第,丰台区-马家堡-新新天第,77.51,2室1厅,南,,5300,68.4,,,https://bj.lianjia.com/zufang/BJ2153442890544578560.html,2026-05-02 22:14:26,39.835324,116.372257
马家堡,整租·嘉园一里 2室1厅 东,整租,嘉园一里,丰台区-马家堡-嘉园一里,60.97,2室1厅,东,,5530,90.7,,,https://bj.lianjia.com/zufang/BJ1870408104328298496.html,2026-05-02 22:12:56,39.850249,116.364753
马家堡,整租·西马金润一区 2室2厅 南/北,整租,西马金润一区,丰台区-马家堡-西马金润一区,106.07,2室2厅,南/北,,6500,61.3,,,https://bj.lianjia.com/zufang/BJ2144015670789013504.html,2026-05-02 22:12:56,39.838596,116.375698
马家堡,整租·名都家苑 2室1厅 东北,整租,名都家苑,丰台区-马家堡-名都家苑,102.53,2室1厅,东北,,7200,70.2,,,https://bj.lianjia.com/zufang/BJ2152766455152640000.html,2026-05-02 22:13:18,39.833352,116.365189
马家堡,整租·晨新园 2室2厅 南/北,整租,晨新园,丰台区-马家堡-晨新园,80.33,2室2厅,南/北,,5800,72.2,,,https://bj.lianjia.com/zufang/BJ2150489134282571776.html,2026-05-02 22:14:26,39.85289,116.36007
马家堡,整租·东亚三环 1室0厅 北,整租,东亚三环,丰台区-马家堡-东亚三环,54.00,1室0厅,北,,4600,85.2,,,https://bj.lianjia.com/zufang/BJ2144278092128976896.html,2026-05-02 22:12:56,39.842817,116.379676
马家堡,整租·城南大道 1房间 西,整租,城南大道 1房间 西,丰台区-马家堡-城南大道,42.47,,,,4000,94.2,,,https://bj.lianjia.com/zufang/BJ2141406311181451264.html,2026-05-02 22:12:56,39.831436,116.362934
马家堡,整租·枫竹苑二区 2室2厅 南,整租,枫竹苑二区,丰台区-马家堡-枫竹苑二区,91.53,2室2厅,南,,6300,68.8,,,https://bj.lianjia.com/zufang/BJ2157072068342972416.html,2026-05-02 22:14:21,39.832916,116.367188
马家堡,整租·福海棠·华府 3室2厅 南/北,整租,福海棠·华府,丰台区-马家堡-福海棠,139.00,3室2厅,南/北,,9300,66.9,,,https://bj.lianjia.com/zufang/BJ2061344230927761408.html,2026-05-02 22:12:56,39.84281,116.3796
马家堡,整租·左右坊 2室1厅 南/北,整租,左右坊,丰台区-马家堡-左右坊,90.07,2室1厅,南/北,,5800,64.4,,,https://bj.lianjia.com/zufang/BJ2156283236064428032.html,2026-05-02 22:12:56,39.85289,116.36007
马家堡,整租·旭日嘉园 1室0厅 北,整租,旭日嘉园,丰台区-马家堡-旭日嘉园,44.41,1室0厅,北,,4200,94.6,,,https://bj.lianjia.com/zufang/BJ2022640228786765824.html,2026-05-02 22:14:17,39.85289,116.36007
马家堡,整租·名都家苑 2室1厅 东/南/北,整租,名都家苑,丰台区-马家堡-名都家苑,100.52,2室1厅,东/南/北,,8900,88.5,,,https://bj.lianjia.com/zufang/BJ2144471218705661952.html,2026-05-02 22:12:56,39.833352,116.365189
马家堡,整租·西马金润二区 1室1厅 南,整租,西马金润二区,丰台区-马家堡-西马金润二区,57.87,1室1厅,南,,4170,72.1,,,https://bj.lianjia.com/zufang/BJ2144299270633684992.html,2026-05-02 22:12:56,39.838596,116.375698
马家堡,整租·西马金润二区 2室1厅 南,整租,西马金润二区,丰台区-马家堡-西马金润二区,74.80,2室1厅,南,,4200,56.1,,,https://bj.lianjia.com/zufang/BJ2080165847430594560.html,2026-05-02 22:13:00,39.838596,116.375698
马家堡,整租·未来明珠 2室1厅 东,整租,未来明珠,丰台区-马家堡-未来明珠,108.92,2室1厅,东,,7700,70.7,,,https://bj.lianjia.com/zufang/BJ2103334020581425152.html,2026-05-02 22:12:56,39.85289,116.36007
马家堡,整租·马家堡西里 1室1厅 南,整租,马家堡西里,丰台区-马家堡-马家堡西里,40.20,1室1厅,南,,4460,110.9,,,https://bj.lianjia.com/zufang/BJ1826215503325036544.html,2026-05-02 22:12:56,39.852454,116.375413
马家堡,整租·富卓苑 2室1厅 西/北,整租,富卓苑,丰台区-马家堡-富卓苑,73.00,2室1厅,西/北,,5000,68.5,,,https://bj.lianjia.com/zufang/BJ2141772109985087488.html,2026-05-02 22:13:00,39.85289,116.36007
马家堡,整租·左右坊 2室1厅 西,整租,左右坊,丰台区-马家堡-左右坊,51.97,2室1厅,西,,5500,105.8,,,https://bj.lianjia.com/zufang/BJ2157399633117052928.html,2026-05-02 22:13:00,39.85289,116.36007
马家堡,整租·名都家苑 1室0厅 北,整租,名都家苑,丰台区-马家堡-名都家苑,55.82,1室0厅,北,,4700,84.2,,,https://bj.lianjia.com/zufang/BJ2145006992219963392.html,2026-05-02 22:13:18,39.833352,116.365189
马家堡,整租·南华小区 1室1厅 东,整租,南华小区,丰台区-马家堡-南华小区,55.49,1室1厅,东,,5360,96.6,,,https://bj.lianjia.com/zufang/BJ1790604517176246272.html,2026-05-02 22:13:00,39.832906,116.373088
马家堡,整租·益明园 1室1厅 南,整租,益明园,丰台区-马家堡-益明园,40.67,1室1厅,南,,4500,110.6,,,https://bj.lianjia.com/zufang/BJ2152775982354792448.html,2026-05-02 22:13:18,39.834307,116.371768
马家堡,整租·东亚三环 1室0厅 南,整租,东亚三环,丰台区-马家堡-东亚三环,53.68,1室0厅,南,,4600,85.7,,,https://bj.lianjia.com/zufang/BJ2144754708751843328.html,2026-05-02 22:13:00,39.842817,116.379676
马家堡,整租·城南大道 1房间 东,整租,城南大道 1房间 东,丰台区-马家堡-城南大道,44.47,,,,3700,83.2,,,https://bj.lianjia.com/zufang/BJ2099362994575114240.html,2026-05-02 22:13:00,39.831436,116.362934
马家堡,整租·7克拉 1房间 西,整租,7克拉 1房间 西,丰台区-马家堡,51.00,,,,4500,88.2,,,https://bj.lianjia.com/zufang/BJ2142602078034329600.html,2026-05-02 22:13:18,39.85289,116.36007
马家堡,整租·西马金润二区 3室2厅 南/北,整租,西马金润二区,丰台区-马家堡-西马金润二区,126.76,3室2厅,南/北,,7800,61.5,,,https://bj.lianjia.com/zufang/BJ2149798634357522432.html,2026-05-02 22:14:26,39.838596,116.375698
马家堡,整租·星河城西区 3室2厅 南/北,整租,星河城西区,丰台区-马家堡-星河城西区,140.51,3室2厅,南/北,,10000,71.2,,,https://bj.lianjia.com/zufang/BJ2143615100743843840.html,2026-05-02 22:13:18,39.836706,116.359228
马家堡,整租·7克拉 2房间 西,整租,7克拉 2房间 西,丰台区-马家堡,45.76,,,,3900,85.2,,,https://bj.lianjia.com/zufang/BJ2144482668576768000.html,2026-05-02 22:13:00,39.85289,116.36007
马家堡,整租·西马金润一区 2室1厅 南/北,整租,西马金润一区,丰台区-马家堡-西马金润一区,101.33,2室1厅,南/北,,6500,64.1,,,https://bj.lianjia.com/zufang/BJ2152351561064382464.html,2026-05-02 22:14:26,39.838596,116.375698
马家堡,整租·左右坊 2室1厅 东,整租,左右坊,丰台区-马家堡-左右坊,62.18,2室1厅,东,,5730,92.2,,,https://bj.lianjia.com/zufang/BJ2080747207283179520.html,2026-05-02 22:13:00,39.85289,116.36007
马家堡,整租·益明园 1室0厅 南,整租,益明园,丰台区-马家堡-益明园,40.67,1室0厅,南,,4600,113.1,,,https://bj.lianjia.com/zufang/BJ2150443216715907072.html,2026-05-02 22:13:23,39.834307,116.371768
马家堡,整租·未来66 1室0厅 南,整租,未来66,丰台区-马家堡-未来,48.11,1室0厅,南,,4800,99.8,,,https://bj.lianjia.com/zufang/BJ2143994549939208192.html,2026-05-02 22:13:18,39.85289,116.36007
马家堡,整租·东亚三环 1室1厅 西,整租,东亚三环,丰台区-马家堡-东亚三环,34.37,1室1厅,西,,3750,109.1,,,https://bj.lianjia.com/zufang/BJ2146894327752687616.html,2026-05-02 22:14:26,39.842817,116.379676
马家堡,整租·左右坊 1室0厅 西,整租,左右坊,丰台区-马家堡-左右坊,36.34,1室0厅,西,,4000,110.1,,,https://bj.lianjia.com/zufang/BJ2145446632869593088.html,2026-05-02 22:13:00,39.85289,116.36007
马家堡,整租·名都家苑 1室0厅 北,整租,名都家苑,丰台区-马家堡-名都家苑,55.82,1室0厅,北,,5000,89.6,,,https://bj.lianjia.com/zufang/BJ2147303733837430784.html,2026-05-02 22:13:00,39.833352,116.365189
马家堡,整租·角门16号院 2室1厅 南/北,整租,角门16号院,丰台区-马家堡-角门,63.32,2室1厅,南/北,,4800,75.8,,,https://bj.lianjia.com/zufang/BJ2156023364114710528.html,2026-05-02 22:14:21,39.844826,116.363668
马家堡,整租·明日嘉园 2室1厅 西北,整租,明日嘉园,丰台区-马家堡-明日嘉园,94.00,2室1厅,西北,,7500,79.8,,,https://bj.lianjia.com/zufang/BJ2148257814831693824.html,2026-05-02 22:13:15,39.85289,116.36007
马家堡,整租·电建地产洺悦苑 3室1厅 南/北,整租,电建地产洺悦苑,丰台区-马家堡-电建地产洺悦苑,89.00,3室1厅,南/北,,7800,87.6,,,https://bj.lianjia.com/zufang/BJ2130523407559688192.html,2026-05-02 22:13:00,39.849236,116.357108
马家堡,整租·兴琦家园 1室1厅 北,整租,兴琦家园,丰台区-马家堡-兴琦家园,58.57,1室1厅,北,,5300,90.5,,,https://bj.lianjia.com/zufang/BJ1934478120987918336.html,2026-05-02 22:13:00,39.85289,116.36007
马家堡,整租·东亚三环 1室0厅 东,整租,东亚三环,丰台区-马家堡-东亚三环,43.48,1室0厅,东,,4500,103.5,,,https://bj.lianjia.com/zufang/BJ2155551614969053184.html,2026-05-02 22:13:00,39.842817,116.379676
马家堡,整租·丽水园 2室1厅 南,整租,丽水园,丰台区-马家堡-丽水园,95.16,2室1厅,南,,7944,83.5,,,https://bj.lianjia.com/zufang/BJ1881016717392478208.html,2026-05-02 22:13:00,39.85289,116.36007
马家堡,整租·未来66 1室1厅 南,整租,未来66,丰台区-马家堡-未来,51.41,1室1厅,南,,5000,97.3,,,https://bj.lianjia.com/zufang/BJ2034543792186458112.html,2026-05-02 22:14:17,39.85289,116.36007
马家堡,整租·左右坊 1室0厅 东,整租,左右坊,丰台区-马家堡-左右坊,38.67,1室0厅,东,,4100,106.0,,,https://bj.lianjia.com/zufang/BJ2156601038621114368.html,2026-05-02 22:13:00,39.85289,116.36007
马家堡,整租·丰开苑 2室1厅 东北,整租,丰开苑,丰台区-马家堡-丰开苑,65.51,2室1厅,东北,,5760,87.9,,,https://bj.lianjia.com/zufang/BJ1836034156287492096.html,2026-05-02 22:13:00,39.85289,116.36007
马家堡,整租·晨光小区 3室1厅 东南,整租,晨光小区,丰台区-马家堡-晨光小区,96.41,3室1厅,东南,,8000,83.0,,,https://bj.lianjia.com/zufang/BJ2158456954702266368.html,2026-05-02 22:13:23,39.85289,116.36007
马家堡,整租·角门16号院 2室1厅 南/北,整租,角门16号院,丰台区-马家堡-角门,58.70,2室1厅,南/北,,5000,85.2,,,https://bj.lianjia.com/zufang/BJ2154450153363210240.html,2026-05-02 22:13:03,39.844826,116.363668
马家堡,整租·明日嘉园 2室1厅 东,整租,明日嘉园,丰台区-马家堡-明日嘉园,89.87,2室1厅,东,,7000,77.9,,,https://bj.lianjia.com/zufang/BJ2159157970225594368.html,2026-05-02 22:13:23,39.85289,116.36007
马家堡,整租·马家堡西里 3室1厅 东/南/北,整租,马家堡西里,丰台区-马家堡-马家堡西里,85.90,3室1厅,东/南/北,,7000,81.5,,,https://bj.lianjia.com/zufang/BJ2159940243761922048.html,2026-05-02 22:13:03,39.852454,116.375413
马家堡,整租·7克拉 2房间 东,整租,7克拉 2房间 东,丰台区-马家堡,35.00,,,,3700,105.7,,,https://bj.lianjia.com/zufang/BJ1717848150326116352.html,2026-05-02 22:14:12,39.845477,116.354895
马家堡,整租·星河城东区 2室1厅 东,整租,星河城东区,丰台区-马家堡-星河城东区,75.01,2室1厅,东,,6930,92.4,,,https://bj.lianjia.com/zufang/BJ1877284979545735168.html,2026-05-02 22:13:03,39.836706,116.359228
马家堡,整租·富卓苑 2室2厅 南/北,整租,富卓苑,丰台区-马家堡-富卓苑,79.66,2室2厅,南/北,,6000,75.3,,,https://bj.lianjia.com/zufang/BJ2147955326790402048.html,2026-05-02 22:13:03,39.85289,116.36007
马家堡,整租·冬季星空 2室1厅 东北,整租,冬季星空,丰台区-马家堡-冬季星空,102.68,2室1厅,东北,,7000,68.2,,,https://bj.lianjia.com/zufang/BJ2151595822993637376.html,2026-05-02 22:13:03,39.85289,116.36007
马家堡,整租·马家堡西里 2室1厅 东/南/西,整租,马家堡西里,丰台区-马家堡-马家堡西里,55.42,2室1厅,东/南/西,,4200,75.8,,,https://bj.lianjia.com/zufang/BJ1830191619962306560.html,2026-05-02 22:13:03,39.852454,116.375413
马家堡,整租·东亚三环 1室0厅 北,整租,东亚三环,丰台区-马家堡-东亚三环,35.00,1室0厅,北,,3900,111.4,,,https://bj.lianjia.com/zufang/BJ2154917154481242112.html,2026-05-02 22:13:49,39.842817,116.379676
马家堡,整租·星河城东区 3室2厅 南/北,整租,星河城东区,丰台区-马家堡-星河城东区,135.30,3室2厅,南/北,,11000,81.3,,,https://bj.lianjia.com/zufang/BJ2153136979598901248.html,2026-05-02 22:14:03,39.836706,116.359228
马家堡,整租·7克拉 1房间 南,整租,7克拉 1房间 南,丰台区-马家堡,43.11,,,,3700,85.8,,,https://bj.lianjia.com/zufang/BJ2149152358397902848.html,2026-05-02 22:13:03,39.85289,116.36007
马家堡,整租·富卓苑 1室1厅 西北,整租,富卓苑,丰台区-马家堡-富卓苑,52.70,1室1厅,西北,,4850,92.0,,,https://bj.lianjia.com/zufang/BJ2154950286794293248.html,2026-05-02 22:14:03,39.85289,116.36007
马家堡,整租·名都家苑 2室1厅 南,整租,名都家苑,丰台区-马家堡-名都家苑,98.89,2室1厅,南,,8400,84.9,,,https://bj.lianjia.com/zufang/BJ2157680989218799616.html,2026-05-02 22:13:03,39.833352,116.365189
马家堡,整租·角门13号院 1室1厅 东北,整租,角门13号院,丰台区-马家堡-角门,53.43,1室1厅,东北,,4300,80.5,,,https://bj.lianjia.com/zufang/BJ1887750651488763904.html,2026-05-02 22:14:07,39.844826,116.363668
马家堡,整租·新新天第 2室1厅 南,整租,新新天第,丰台区-马家堡-新新天第,71.91,2室1厅,南,,5760,80.1,,,https://bj.lianjia.com/zufang/BJ1787021580916752384.html,2026-05-02 22:13:03,39.835324,116.372257
马家堡,整租·马家堡西里 2室1厅 南/北,整租,马家堡西里,丰台区-马家堡-马家堡西里,62.10,2室1厅,南/北,,5800,93.4,,,https://bj.lianjia.com/zufang/BJ2154233633710276608.html,2026-05-02 22:14:03,39.852454,116.375413
马家堡,整租·晨新园 2室1厅 南/北,整租,晨新园,丰台区-马家堡-晨新园,80.31,2室1厅,南/北,,7000,87.2,,,https://bj.lianjia.com/zufang/BJ2141885463521132544.html,2026-05-02 22:13:03,39.85289,116.36007
马家堡,整租·马家堡西里 2室1厅 南/北,整租,马家堡西里,丰台区-马家堡-马家堡西里,60.40,2室1厅,南/北,,4600,76.2,,,https://bj.lianjia.com/zufang/BJ1730892984649515008.html,2026-05-02 22:14:12,39.852454,116.375413
马家堡,整租·星河城西区 2室1厅 东/南/北,整租,星河城西区,丰台区-马家堡-星河城西区,91.01,2室1厅,东/南/北,,7550,83.0,,,https://bj.lianjia.com/zufang/BJ2122608989161127936.html,2026-05-02 22:13:03,39.836706,116.359228
马家堡,整租·东亚三环 1室1厅 南,整租,东亚三环,丰台区-马家堡-东亚三环,53.38,1室1厅,南,,4900,91.8,,,https://bj.lianjia.com/zufang/BJ2131584134735200256.html,2026-05-02 22:13:49,39.842817,116.379676
马家堡,整租·西马金润二区 2室1厅 东南,整租,西马金润二区,丰台区-马家堡-西马金润二区,81.34,2室1厅,东南,,5500,67.6,,,https://bj.lianjia.com/zufang/BJ1888221194654580736.html,2026-05-02 22:14:07,39.838596,116.375698
马家堡,整租·东亚三环 1房间 北,整租,东亚三环 1房间 北,丰台区-马家堡-东亚三环,50.95,,,,4400,86.4,,,https://bj.lianjia.com/zufang/BJ2123710885007458304.html,2026-05-02 22:14:03,39.842817,116.379676
马家堡,整租·东亚三环 1室0厅 北,整租,东亚三环,丰台区-马家堡-东亚三环,34.80,1室0厅,北,,3900,112.1,,,https://bj.lianjia.com/zufang/BJ2145020025205948416.html,2026-05-02 22:13:18,39.842817,116.379676
马家堡,整租·富卓苑 2室1厅 南/北,整租,富卓苑,丰台区-马家堡-富卓苑,58.42,2室1厅,南/北,,4500,77.0,,,https://bj.lianjia.com/zufang/BJ2055206307891249152.html,2026-05-02 22:14:17,39.85289,116.36007
马家堡,整租·明月嘉园 1室0厅 东,整租,明月嘉园,丰台区-马家堡-明月嘉园,52.92,1室0厅,东,,5000,94.5,,,https://bj.lianjia.com/zufang/BJ2140444502295314432.html,2026-05-02 22:13:59,39.85289,116.36007
马家堡,整租·西马金润一区 1室1厅 南,整租,西马金润一区,丰台区-马家堡-西马金润一区,49.35,1室1厅,南,,3930,79.6,,,https://bj.lianjia.com/zufang/BJ1835526307165765632.html,2026-05-02 22:13:03,39.838596,116.375698
马家堡,整租·益星园 1室1厅 南,整租,益星园,丰台区-马家堡-益星园,43.28,1室1厅,南,,4850,112.1,,,https://bj.lianjia.com/zufang/BJ1973707271552630784.html,2026-05-02 22:14:12,39.834307,116.371768
马家堡,整租·旭日嘉园 2室1厅 东,整租,旭日嘉园,丰台区-马家堡-旭日嘉园,103.24,2室1厅,东,,5800,56.2,,,https://bj.lianjia.com/zufang/BJ2154487193291194368.html,2026-05-02 22:13:03,39.85289,116.36007
马家堡,整租·电建地产洺悦苑 2室1厅 东,整租,电建地产洺悦苑,丰台区-马家堡-电建地产洺悦苑,89.07,2室1厅,东,,7090,79.6,,,https://bj.lianjia.com/zufang/BJ1793935214020395008.html,2026-05-02 22:13:03,39.849236,116.357108
马家堡,整租·马家堡西路24号院 2室1厅 西,整租,马家堡西路24号院,丰台区-马家堡-马家堡西路,58.15,2室1厅,西,,4500,77.4,,,https://bj.lianjia.com/zufang/BJ2030586045447274496.html,2026-05-02 22:13:05,39.843313,116.365558
马家堡,整租·马家堡西里 2室1厅 南,整租,马家堡西里,丰台区-马家堡-马家堡西里,62.35,2室1厅,南,,5000,80.2,,,https://bj.lianjia.com/zufang/BJ2152005611825397760.html,2026-05-02 22:14:26,39.852454,116.375413
马家堡,整租·名都家苑 2室2厅 南/北,整租,名都家苑,丰台区-马家堡-名都家苑,117.00,2室2厅,南/北,,9200,78.6,,,https://bj.lianjia.com/zufang/BJ2145879019738890240.html,2026-05-02 22:13:05,39.833352,116.365189
马家堡,整租·富卓苑 2室1厅 西,整租,富卓苑,丰台区-马家堡-富卓苑,69.00,2室1厅,西,,4500,65.2,,,https://bj.lianjia.com/zufang/BJ2145058803672940544.html,2026-05-02 22:13:05,39.85289,116.36007
马家堡,整租·左右坊 1室1厅 东,整租,左右坊,丰台区-马家堡-左右坊,38.67,1室1厅,东,,4300,111.2,,,https://bj.lianjia.com/zufang/BJ2014940854052978688.html,2026-05-02 22:13:05,39.85289,116.36007
马家堡,整租·明月嘉园 2室1厅 西,整租,明月嘉园,丰台区-马家堡-明月嘉园,83.01,2室1厅,西,,7060,85.0,,,https://bj.lianjia.com/zufang/BJ2153190943396724736.html,2026-05-02 22:13:05,39.85289,116.36007
马家堡,整租·星河城东区 3室1厅 南/北,整租,星河城东区,丰台区-马家堡-星河城东区,120.05,3室1厅,南/北,,9600,80.0,,,https://bj.lianjia.com/zufang/BJ2154954375271809024.html,2026-05-02 22:13:59,39.836706,116.359228
马家堡,整租·东亚三环 1房间 北,整租,东亚三环 1房间 北,丰台区-马家堡-东亚三环,34.80,,,,3900,112.1,,,https://bj.lianjia.com/zufang/BJ2132740208498573312.html,2026-05-02 22:13:05,39.842817,116.379676
马家堡,整租·西马金润一区 1室1厅 南/北,整租,西马金润一区,丰台区-马家堡-西马金润一区,50.00,1室1厅,南/北,,3300,66.0,,,https://bj.lianjia.com/zufang/BJ1766438553660686336.html,2026-05-02 22:14:21,39.838596,116.375698
马家堡,整租·马家堡西里 2室1厅 东/西,整租,马家堡西里,丰台区-马家堡-马家堡西里,55.00,2室1厅,东/西,,5000,90.9,,,https://bj.lianjia.com/zufang/BJ2080300678072238080.html,2026-05-02 22:13:05,39.852454,116.375413
马家堡,整租·益明园 1室0厅 南,整租,益明园,丰台区-马家堡-益明园,44.48,1室0厅,南,,4800,107.9,,,https://bj.lianjia.com/zufang/BJ2158900804671504384.html,2026-05-02 22:13:05,39.834307,116.371768
马家堡,整租·东亚三环 2房间 东北,整租,东亚三环 2房间 东北,丰台区-马家堡-东亚三环,60.21,,,,5555,92.3,,,https://bj.lianjia.com/zufang/BJ2155193945506709504.html,2026-05-02 22:14:07,39.842817,116.379676
马家堡,整租·枫竹苑二区 2室2厅 南,整租,枫竹苑二区,丰台区-马家堡-枫竹苑二区,87.36,2室2厅,南,,7000,80.1,,,https://bj.lianjia.com/zufang/BJ2132023466667278336.html,2026-05-02 22:13:05,39.832916,116.367188
马家堡,整租·蓝光云鼎 4房间 跃层 南,整租,蓝光云鼎 4房间 跃层 南,丰台区-马家堡-蓝光云鼎,120.00,,,,7500,62.5,,,https://bj.lianjia.com/zufang/BJ2155653708375916544.html,2026-05-02 22:13:05,39.846496,116.373722
马家堡,整租·东亚三环 1室0厅 北,整租,东亚三环,丰台区-马家堡-东亚三环,34.80,1室0厅,北,,3700,106.3,,,https://bj.lianjia.com/zufang/BJ2141522816929890304.html,2026-05-02 22:14:26,39.842817,116.379676
马家堡,整租·晨新园 1室1厅 南,整租,晨新园,丰台区-马家堡-晨新园,42.20,1室1厅,南,,6159,145.9,,,https://bj.lianjia.com/zufang/BJ2027804562466799616.html,2026-05-02 22:13:05,39.85289,116.36007
马家堡,整租·东亚三环 2室1厅 南,整租,东亚三环,丰台区-马家堡-东亚三环,55.00,2室1厅,南,,5500,100.0,,,https://bj.lianjia.com/zufang/BJ2155292624221634560.html,2026-05-02 22:13:49,39.842817,116.379676
马家堡,整租·星河城东区 2室1厅 南,整租,星河城东区,丰台区-马家堡-星河城东区,107.29,2室1厅,南,,8000,74.6,,,https://bj.lianjia.com/zufang/BJ2139942952045117440.html,2026-05-02 22:13:49,39.836706,116.359228
马家堡,整租·东亚三环 1室0厅 南,整租,东亚三环,丰台区-马家堡-东亚三环,35.30,1室0厅,南,,4300,121.8,,,https://bj.lianjia.com/zufang/BJ2029765157625790464.html,2026-05-02 22:14:17,39.842817,116.379676
马家堡,整租·福海棠·华府 1室1厅 东,整租,福海棠·华府,丰台区-马家堡-福海棠,61.92,1室1厅,东,,4700,75.9,,,https://bj.lianjia.com/zufang/BJ2155553088436436992.html,2026-05-02 22:13:05,39.84281,116.3796
马家堡,整租·益城园 2室2厅 南/北,整租,益城园,丰台区-马家堡-益城园,102.17,2室2厅,南/北,,6800,66.6,,,https://bj.lianjia.com/zufang/BJ2145118787119087616.html,2026-05-02 22:13:18,39.832108,116.363061
马家堡,整租·东亚三环 1室0厅 南,整租,东亚三环,丰台区-马家堡-东亚三环,35.30,1室0厅,南,,4100,116.1,,,https://bj.lianjia.com/zufang/BJ2069434165597569024.html,2026-05-02 22:13:05,39.842817,116.379676
马家堡,整租·晨光小区 1室1厅 东,整租,晨光小区,丰台区-马家堡-晨光小区,38.45,1室1厅,东,,4000,104.0,,,https://bj.lianjia.com/zufang/BJ2155875981095600128.html,2026-05-02 22:13:05,39.85289,116.36007
马家堡,整租·益星园 1室1厅 南,整租,益星园,丰台区-马家堡-益星园,73.94,1室1厅,南,,6800,92.0,,,https://bj.lianjia.com/zufang/BJ2145369604979949568.html,2026-05-02 22:13:05,39.834307,116.371768
马家堡,整租·西马金润二区 1室0厅 西北,整租,西马金润二区,丰台区-马家堡-西马金润二区,45.57,1室0厅,西北,,4000,87.8,,,https://bj.lianjia.com/zufang/BJ2160591704229412864.html,2026-05-02 22:13:05,39.838596,116.375698
马家堡,整租·西马金润一区 2室1厅 南/北,整租,西马金润一区,丰台区-马家堡-西马金润一区,99.62,2室1厅,南/北,,5600,56.2,,,https://bj.lianjia.com/zufang/BJ2095005002102734848.html,2026-05-02 22:13:05,39.838596,116.375698
马家堡,整租·明日嘉园 1室1厅 东,整租,明日嘉园,丰台区-马家堡-明日嘉园,43.03,1室1厅,东,,4830,112.2,,,https://bj.lianjia.com/zufang/BJ2010988138977034240.html,2026-05-02 22:13:05,39.85289,116.36007
马家堡,整租·嘉园一里 1室1厅 南/北,整租,嘉园一里,丰台区-马家堡-嘉园一里,46.52,1室1厅,南/北,,4600,98.9,,,https://bj.lianjia.com/zufang/BJ2027641274823081984.html,2026-05-02 22:14:17,39.850249,116.364753
马家堡,整租·东亚三环 1房间 东,整租,东亚三环 1房间 东,丰台区-马家堡-东亚三环,43.48,,,,4300,98.9,,,https://bj.lianjia.com/zufang/BJ2159252344452153344.html,2026-05-02 22:13:23,39.835841,116.381417
马家堡,整租·嘉丽园 1室1厅 西,整租,嘉丽园,丰台区-马家堡-嘉丽园,65.32,1室1厅,西,,6690,102.4,,,https://bj.lianjia.com/zufang/BJ2035349927848050688.html,2026-05-02 22:13:05,39.850249,116.364753
马家堡,整租·左右坊 1室0厅 东/西,整租,左右坊,丰台区-马家堡-左右坊,38.40,1室0厅,东/西,,4500,117.2,,,https://bj.lianjia.com/zufang/BJ2157674602866671616.html,2026-05-02 22:13:09,39.85289,116.36007
马家堡,整租·益星园 1室1厅 南,整租,益星园,丰台区-马家堡-益星园,73.01,1室1厅,南,,6400,87.7,,,https://bj.lianjia.com/zufang/BJ2104149348433526784.html,2026-05-02 22:13:09,39.834307,116.371768
马家堡,整租·益明园 2室1厅 南/北,整租,益明园,丰台区-马家堡-益明园,90.13,2室1厅,南/北,,6900,76.6,,,https://bj.lianjia.com/zufang/BJ2125880620709052416.html,2026-05-02 22:13:09,39.834307,116.371768
马家堡,整租·未来66 1室0厅 南,整租,未来66,丰台区-马家堡-未来,48.11,1室0厅,南,,4700,97.7,,,https://bj.lianjia.com/zufang/BJ2119673167050964992.html,2026-05-02 22:13:09,39.85289,116.36007
马家堡,整租·左右坊 2室1厅 南/北,整租,左右坊,丰台区-马家堡-左右坊,89.89,2室1厅,南/北,,6500,72.3,,,https://bj.lianjia.com/zufang/BJ2158913784524046336.html,2026-05-02 22:13:23,39.85289,116.36007
马家堡,整租·东亚三环 1室1厅 北,整租,东亚三环,丰台区-马家堡-东亚三环,35.30,1室1厅,北,,4660,132.0,,,https://bj.lianjia.com/zufang/BJ1792899758667333632.html,2026-05-02 22:13:09,39.842817,116.379676
马家堡,整租·西马金润二区 1室1厅 南,整租,西马金润二区,丰台区-马家堡-西马金润二区,57.30,1室1厅,南,,4300,75.0,,,https://bj.lianjia.com/zufang/BJ2139340013802881024.html,2026-05-02 22:13:09,39.838596,116.375698
马家堡,整租·新新天第 1室0厅 北,整租,新新天第,丰台区-马家堡-新新天第,34.82,1室0厅,北,,3500,100.5,,,https://bj.lianjia.com/zufang/BJ2140021662043602944.html,2026-05-02 22:13:09,39.835324,116.372257
马家堡,整租·星河城东区 2室1厅 南,整租,星河城东区,丰台区-马家堡-星河城东区,107.29,2室1厅,南,,9000,83.9,,,https://bj.lianjia.com/zufang/BJ2125837300012154880.html,2026-05-02 22:13:09,39.836706,116.359228
马家堡,整租·旭日嘉园 2室1厅 西南,整租,旭日嘉园,丰台区-马家堡-旭日嘉园,123.00,2室1厅,西南,,7800,63.4,,,https://bj.lianjia.com/zufang/BJ2116090549822816256.html,2026-05-02 22:13:09,39.85289,116.36007
马家堡,整租·润景家园 2室1厅 东南,整租,润景家园,丰台区-马家堡-润景家园,91.85,2室1厅,东南,,7600,82.7,,,https://bj.lianjia.com/zufang/BJ2159867975060946944.html,2026-05-02 22:13:09,39.85289,116.36007
马家堡,整租·冬季星空 2室1厅 南,整租,冬季星空,丰台区-马家堡-冬季星空,62.50,2室1厅,南,,6200,99.2,,,https://bj.lianjia.com/zufang/BJ2150240723851542528.html,2026-05-02 22:13:09,39.85289,116.36007
马家堡,整租·未来66 1室0厅 东南,整租,未来66,丰台区-马家堡-未来,41.00,1室0厅,东南,,4100,100.0,,,https://bj.lianjia.com/zufang/BJ2110951251729448960.html,2026-05-02 22:13:09,39.85289,116.36007
马家堡,整租·西马金润一区 1室1厅 东北,整租,西马金润一区,丰台区-马家堡-西马金润一区,49.50,1室1厅,东北,,4300,86.9,,,https://bj.lianjia.com/zufang/BJ2125089679693840384.html,2026-05-02 22:13:09,39.838596,116.375698
马家堡,整租·嘉园一里 1室1厅 东,整租,嘉园一里,丰台区-马家堡-嘉园一里,50.85,1室1厅,东,,4100,80.6,,,https://bj.lianjia.com/zufang/BJ2157117925826232320.html,2026-05-02 22:13:09,39.850249,116.364753
马家堡,整租·西马金润二区 2室1厅 西南,整租,西马金润二区,丰台区-马家堡-西马金润二区,81.34,2室1厅,西南,,7130,87.7,,,https://bj.lianjia.com/zufang/BJ1844739396079714304.html,2026-05-02 22:13:09,39.838596,116.375698
马家堡,整租·西马金润二区 3室1厅 南/北,整租,西马金润二区,丰台区-马家堡-西马金润二区,90.46,3室1厅,南/北,,5800,64.1,,,https://bj.lianjia.com/zufang/BJ2160344329355264000.html,2026-05-02 22:13:09,39.838596,116.375698
马家堡,整租·益城园 3室2厅 南/北,整租,益城园,丰台区-马家堡-益城园,136.68,3室2厅,南/北,,8900,65.1,,,https://bj.lianjia.com/zufang/BJ2160681539438903296.html,2026-05-02 22:13:09,39.832108,116.363061
马家堡,整租·丰开苑 2室1厅 东南,整租,丰开苑,丰台区-马家堡-丰开苑,91.59,2室1厅,东南,,6200,67.7,,,https://bj.lianjia.com/zufang/BJ2161120873426190336.html,2026-05-02 22:13:09,39.85289,116.36007
马家堡,整租·瑞丽江畔 2室2厅 东北,整租,瑞丽江畔,丰台区-马家堡-瑞丽江畔,98.22,2室2厅,东北,,6500,66.2,,,https://bj.lianjia.com/zufang/BJ2161679637510356992.html,2026-05-02 22:14:03,39.85289,116.36007
马家堡,整租·西马金润一区 1室0厅 南,整租,西马金润一区,丰台区-马家堡-西马金润一区,49.00,1室0厅,南,,3300,67.3,,,https://bj.lianjia.com/zufang/BJ2158497291277697024.html,2026-05-02 22:13:09,39.838596,116.375698
马家堡,整租·西马金润二区 1室1厅 东,整租,西马金润二区,丰台区-马家堡-西马金润二区,65.73,1室1厅,东,,4700,71.5,,,https://bj.lianjia.com/zufang/BJ2156691193142968320.html,2026-05-02 22:13:09,39.838596,116.375698
马家堡,整租·星河城西区 3室2厅 南/北,整租,星河城西区,丰台区-马家堡-星河城西区,138.00,3室2厅,南/北,,10400,75.4,,,https://bj.lianjia.com/zufang/BJ2144711005274374144.html,2026-05-02 22:13:18,39.836706,116.359228
马家堡,整租·7克拉 3房间 东南,整租,7克拉 3房间 东南,丰台区-马家堡,52.98,,,,6500,122.7,,,https://bj.lianjia.com/zufang/BJ2150575841426276352.html,2026-05-02 22:13:23,39.85289,116.36007
马家堡,整租·新新天第 2室1厅 东/南/北,整租,新新天第,丰台区-马家堡-新新天第,59.24,2室1厅,东/南/北,,4700,79.3,,,https://bj.lianjia.com/zufang/BJ2142524840471429120.html,2026-05-02 22:13:18,39.835324,116.372257
马家堡,整租·益城园 1室1厅 南,整租,益城园,丰台区-马家堡-益城园,63.26,1室1厅,南,,6300,99.6,,,https://bj.lianjia.com/zufang/BJ2154804004075339776.html,2026-05-02 22:13:11,39.832108,116.363061
马家堡,整租·嘉园三里 1室1厅 西,整租,嘉园三里,丰台区-马家堡-嘉园三里,52.40,1室1厅,西,,4790,91.4,,,https://bj.lianjia.com/zufang/BJ1854185593920028672.html,2026-05-02 22:13:09,39.844286,116.360908
马家堡,整租·福海棠·华府 3室2厅 南/北,整租,福海棠·华府,丰台区-马家堡-福海棠,101.00,3室2厅,南/北,,7500,74.3,,,https://bj.lianjia.com/zufang/BJ2153730377347235840.html,2026-05-02 22:13:15,39.84281,116.3796
马家堡,整租·益城园 3室2厅 南/北,整租,益城园,丰台区-马家堡-益城园,137.00,3室2厅,南/北,,11000,80.3,,,https://bj.lianjia.com/zufang/BJ2141523157209579520.html,2026-05-02 22:13:11,39.832108,116.363061
马家堡,整租·明日嘉园 1室1厅 北,整租,明日嘉园,丰台区-马家堡-明日嘉园,39.15,1室1厅,北,,4490,114.7,,,https://bj.lianjia.com/zufang/BJ1863269785760956416.html,2026-05-02 22:13:09,39.85289,116.36007
马家堡,整租·明月嘉园 2室1厅 东,整租,明月嘉园,丰台区-马家堡-明月嘉园,83.48,2室1厅,东,,7090,84.9,,,https://bj.lianjia.com/zufang/BJ1854953228060327936.html,2026-05-02 22:13:11,39.85289,116.36007
马家堡,整租·时代风帆大厦 3室1厅 南,整租,时代风帆大厦,丰台区-马家堡-时代风帆大厦,140.00,3室1厅,南,,15000,107.1,,,https://bj.lianjia.com/zufang/BJ2081977803024105472.html,2026-05-02 22:13:11,39.85289,116.36007
马家堡,整租·马家堡西里 2室1厅 南/北,整租,马家堡西里,丰台区-马家堡-马家堡西里,55.00,2室1厅,南/北,,4400,80.0,,,https://bj.lianjia.com/zufang/BJ2109529319201046528.html,2026-05-02 22:13:11,39.852454,116.375413
马家堡,整租·西马金润一区 2室1厅 南/北,整租,西马金润一区,丰台区-马家堡-西马金润一区,104.87,2室1厅,南/北,,8800,83.9,,,https://bj.lianjia.com/zufang/BJ2103110658487746560.html,2026-05-02 22:13:11,39.838596,116.375698
马家堡,整租·西马金润一区 2室1厅 南/北,整租,西马金润一区,丰台区-马家堡-西马金润一区,107.39,2室1厅,南/北,,6400,59.6,,,https://bj.lianjia.com/zufang/BJ2070438380868468736.html,2026-05-02 22:13:11,39.838596,116.375698
马家堡,整租·电建地产洺悦苑 4室1厅 南/北,整租,电建地产洺悦苑,丰台区-马家堡-电建地产洺悦苑,88.50,4室1厅,南/北,,7300,82.5,,,https://bj.lianjia.com/zufang/BJ2148389977895993344.html,2026-05-02 22:13:15,39.849236,116.357108
马家堡,整租·丽水园 1室0厅 南,整租,丽水园,丰台区-马家堡-丽水园,51.67,1室0厅,南,,5200,100.6,,,https://bj.lianjia.com/zufang/BJ2127769224314093568.html,2026-05-02 22:13:11,39.85289,116.36007
马家堡,整租·明日嘉园 2室1厅 南,整租,明日嘉园,丰台区-马家堡-明日嘉园,82.09,2室1厅,南,,7000,85.3,,,https://bj.lianjia.com/zufang/BJ2143631902316167168.html,2026-05-02 22:13:18,39.85289,116.36007
马家堡,整租·嘉园二里 3室1厅 东/西,整租,嘉园二里,丰台区-马家堡-嘉园二里,75.10,3室1厅,东/西,,6500,86.6,,,https://bj.lianjia.com/zufang/BJ2153899982858485760.html,2026-05-02 22:13:11,39.850249,116.364753
马家堡,整租·嘉园二里 2室1厅 南,整租,嘉园二里,丰台区-马家堡-嘉园二里,61.54,2室1厅,南,,5690,92.5,,,https://bj.lianjia.com/zufang/BJ1911045257269608448.html,2026-05-02 22:13:11,39.850249,116.364753
马家堡,整租·益星园 1室0厅 南,整租,益星园,丰台区-马家堡-益星园,43.15,1室0厅,南,,4900,113.6,,,https://bj.lianjia.com/zufang/BJ2157030158387642368.html,2026-05-02 22:13:11,39.834307,116.371768
马家堡,整租·富卓苑 2室1厅 东/西,整租,富卓苑,丰台区-马家堡-富卓苑,71.00,2室1厅,东/西,,4500,63.4,,,https://bj.lianjia.com/zufang/BJ2100084231429423104.html,2026-05-02 22:13:11,39.85289,116.36007
马家堡,整租·嘉园一里 1室1厅 南,整租,嘉园一里,丰台区-马家堡-嘉园一里,46.52,1室1厅,南,,4300,92.4,,,https://bj.lianjia.com/zufang/BJ2141419780517658624.html,2026-05-02 22:13:11,39.850249,116.364753
马家堡,整租·星河城西区 1室1厅 北,整租,星河城西区,丰台区-马家堡-星河城西区,55.35,1室1厅,北,,5000,90.3,,,https://bj.lianjia.com/zufang/BJ2125159781709643776.html,2026-05-02 22:13:11,39.836706,116.359228
马家堡,整租·星河城东区 2室2厅 错层 南/北,整租,星河城东区,丰台区-马家堡-星河城东区,122.00,2室2厅,,,8500,69.7,,,https://bj.lianjia.com/zufang/BJ2146593139807223808.html,2026-05-02 22:13:11,39.836706,116.359228
马家堡,整租·马家堡西里 2室1厅 南/北,整租,马家堡西里,丰台区-马家堡-马家堡西里,59.76,2室1厅,南/北,,4200,70.3,,,https://bj.lianjia.com/zufang/BJ2041066359785259008.html,2026-05-02 22:13:11,39.852454,116.375413
马家堡,整租·未来66 1室0厅 南,整租,未来66,丰台区-马家堡-未来,51.60,1室0厅,南,,5500,106.6,,,https://bj.lianjia.com/zufang/BJ2140426540448481280.html,2026-05-02 22:13:11,39.85289,116.36007
马家堡,整租·7克拉 2房间 西,整租,7克拉 2房间 西,丰台区-马家堡,23.40,,,,3100,132.5,,,https://bj.lianjia.com/zufang/BJ2158159554502721536.html,2026-05-02 22:13:11,39.85289,116.36007
马家堡,整租·星河城东区 3室2厅 南/北,整租,星河城东区,丰台区-马家堡-星河城东区,149.00,3室2厅,南/北,,11000,73.8,,,https://bj.lianjia.com/zufang/BJ2158514453031682048.html,2026-05-02 22:13:23,39.836706,116.359228
马家堡,整租·瑞丽江畔 2室1厅 北,整租,瑞丽江畔,丰台区-马家堡-瑞丽江畔,69.92,2室1厅,北,,7330,104.8,,,https://bj.lianjia.com/zufang/BJ1809374324205813760.html,2026-05-02 22:13:11,39.85289,116.36007
马家堡,整租·未来66 1室1厅 北,整租,未来66,丰台区-马家堡-未来,48.98,1室1厅,北,,5890,120.3,,,https://bj.lianjia.com/zufang/BJ1794634354492702720.html,2026-05-02 22:13:11,39.85289,116.36007
马家堡,整租·西马金润二区 2室1厅 东,整租,西马金润二区,丰台区-马家堡-西马金润二区,65.73,2室1厅,东,,5030,76.5,,,https://bj.lianjia.com/zufang/BJ1808538053753438208.html,2026-05-02 22:13:11,39.838596,116.375698
马家堡,整租·嘉园二里 2室1厅 东,整租,嘉园二里,丰台区-马家堡-嘉园二里,44.39,2室1厅,东,,5030,113.3,,,https://bj.lianjia.com/zufang/BJ1804118734789410816.html,2026-05-02 22:13:11,39.850249,116.364753
马家堡,整租·南华小区 2室1厅 东,整租,南华小区,丰台区-马家堡-南华小区,64.60,2室1厅,东,,4930,76.3,,,https://bj.lianjia.com/zufang/BJ1988668016342073344.html,2026-05-02 22:13:11,39.832906,116.373088
马家堡,整租·三星庄园 1室1厅 南,整租,三星庄园,丰台区-马家堡-三星庄园,32.48,1室1厅,南,,3900,120.1,,,https://bj.lianjia.com/zufang/BJ2147994813457235968.html,2026-05-02 22:13:15,39.852891,116.360075
马家堡,整租·7克拉 1房间 西,整租,7克拉 1房间 西,丰台区-马家堡,28.84,,,,3400,117.9,,,https://bj.lianjia.com/zufang/BJ2148082945926103040.html,2026-05-02 22:13:15,39.85289,116.36007
马家堡,整租·西马金润二区 1室1厅 南,整租,西马金润二区,丰台区-马家堡-西马金润二区,55.87,1室1厅,南,,4000,71.6,,,https://bj.lianjia.com/zufang/BJ2148354847668174848.html,2026-05-02 22:13:15,39.838596,116.375698
马家堡,整租·晨新园 2室2厅 南/北,整租,晨新园,丰台区-马家堡-晨新园,80.32,2室2厅,南/北,,6300,78.4,,,https://bj.lianjia.com/zufang/BJ2148327885281165312.html,2026-05-02 22:13:15,39.85289,116.36007
马家堡,整租·嘉园二里 2室1厅 南/北,整租,嘉园二里,丰台区-马家堡-嘉园二里,60.59,2室1厅,南/北,,4800,79.2,,,https://bj.lianjia.com/zufang/BJ2149012713282469888.html,2026-05-02 22:13:15,39.850249,116.364753
马家堡,整租·名都家苑 3室1厅 南/北,整租,名都家苑,丰台区-马家堡-名都家苑,135.41,3室1厅,南/北,,11800,87.1,,,https://bj.lianjia.com/zufang/BJ2149775706442170368.html,2026-05-02 22:13:15,39.833352,116.365189
马家堡,整租·星河城西区 1室1厅 北,整租,星河城西区,丰台区-马家堡-星河城西区,47.35,1室1厅,北,,4800,101.4,,,https://bj.lianjia.com/zufang/BJ2149755584012877824.html,2026-05-02 22:13:15,39.836706,116.359228
马家堡,整租·城南大道 1房间 西,整租,城南大道 1房间 西,丰台区-马家堡-城南大道,62.69,,,,5800,92.5,,,https://bj.lianjia.com/zufang/BJ2149776163457728512.html,2026-05-02 22:13:15,39.831436,116.362934
马家堡,整租·蓝光云鼎 4房间 复式 南/北,整租,蓝光云鼎 4房间 复式 南/北,丰台区-马家堡-蓝光云鼎,60.22,,,,7500,124.5,,,https://bj.lianjia.com/zufang/BJ2150449486080507904.html,2026-05-02 22:13:23,39.859486,116.380288
马家堡,整租·蓝光云鼎 3房间 南,整租,蓝光云鼎 3房间 南,丰台区-马家堡-蓝光云鼎,59.98,,,,6550,109.2,,,https://bj.lianjia.com/zufang/BJ2146911643001421824.html,2026-05-02 22:13:15,39.85289,116.36007
马家堡,整租·城南大道 1房间 南,整租,城南大道 1房间 南,丰台区-马家堡-城南大道,57.65,,,,6000,104.1,,,https://bj.lianjia.com/zufang/BJ2147239955154337792.html,2026-05-02 22:13:15,39.831436,116.362934
马家堡,整租·晨新园 1室1厅 南,整租,晨新园,丰台区-马家堡-晨新园,42.25,1室1厅,南,,4500,106.5,,,https://bj.lianjia.com/zufang/BJ2147652946102321152.html,2026-05-02 22:13:15,39.85289,116.36007
马家堡,整租·蓝光云鼎 3房间 复式 南,整租,蓝光云鼎 3房间 复式 南,丰台区-马家堡-蓝光云鼎,49.96,,,,6000,120.1,,,https://bj.lianjia.com/zufang/BJ2149410164954890240.html,2026-05-02 22:13:15,39.859486,116.380288
马家堡,整租·左右坊 1室0厅 东,整租,左右坊,丰台区-马家堡-左右坊,38.67,1室0厅,东,,4000,103.4,,,https://bj.lianjia.com/zufang/BJ2150596068109189120.html,2026-05-02 22:13:23,39.85289,116.36007
马家堡,整租·7克拉 2房间 复式 北,整租,7克拉 2房间 复式 北,丰台区-马家堡,27.61,,,,3480,126.0,,,https://bj.lianjia.com/zufang/BJ2150984472516886528.html,2026-05-02 22:13:23,39.859486,116.380288
马家堡,整租·蓝光云鼎 3房间 南,整租,蓝光云鼎 3房间 南,丰台区-马家堡-蓝光云鼎,60.33,,,,7500,124.3,,,https://bj.lianjia.com/zufang/BJ2151536395649286144.html,2026-05-02 22:13:15,39.85289,116.36007
马家堡,整租·马家堡西里 2室1厅 南/北,整租,马家堡西里,丰台区-马家堡-马家堡西里,70.75,2室1厅,南/北,,5800,82.0,,,https://bj.lianjia.com/zufang/BJ2152281715802898432.html,2026-05-02 22:13:15,39.852454,116.375413
马家堡,整租·旭日嘉园 1室0厅 北,整租,旭日嘉园,丰台区-马家堡-旭日嘉园,44.41,1室0厅,北,,4800,108.1,,,https://bj.lianjia.com/zufang/BJ2152278097259397120.html,2026-05-02 22:13:15,39.85289,116.36007
马家堡,整租·明月嘉园 1室0厅 北,整租,明月嘉园,丰台区-马家堡-明月嘉园,42.06,1室0厅,北,,4200,99.9,,,https://bj.lianjia.com/zufang/BJ2152628879930425344.html,2026-05-02 22:13:15,39.85289,116.36007
马家堡,整租·搜宝商务中心 6房间 南,整租,搜宝商务中心 6房间 南,丰台区-马家堡-搜宝商务中心,183.00,,,,20970,114.6,,,https://bj.lianjia.com/zufang/BJ2152715865735299072.html,2026-05-02 22:13:15,39.85289,116.36007
马家堡,整租·晨新园 1室1厅 南,整租,晨新园,丰台区-马家堡-晨新园,50.67,1室1厅,南,,4800,94.7,,,https://bj.lianjia.com/zufang/BJ2153111644874473472.html,2026-05-02 22:13:15,39.85289,116.36007
马家堡,整租·西马金润一区 2室1厅 南/北,整租,西马金润一区,丰台区-马家堡-西马金润一区,75.78,2室1厅,南/北,,4800,63.3,,,https://bj.lianjia.com/zufang/BJ2153482857744433152.html,2026-05-02 22:13:15,39.838596,116.375698
马家堡,整租·丰开苑 1室1厅 东南,整租,丰开苑,丰台区-马家堡-丰开苑,57.19,1室1厅,东南,,6200,108.4,,,https://bj.lianjia.com/zufang/BJ2150233331206193152.html,2026-05-02 22:13:23,39.85289,116.36007
马家堡,整租·富卓苑 2室1厅 南/北,整租,富卓苑,丰台区-马家堡-富卓苑,68.77,2室1厅,南/北,,4500,65.4,,,https://bj.lianjia.com/zufang/BJ2150487781179129856.html,2026-05-02 22:13:15,39.85289,116.36007
马家堡,整租·嘉园一里 2室1厅 南/北,整租,嘉园一里,丰台区-马家堡-嘉园一里,87.51,2室1厅,南/北,,5800,66.3,,,https://bj.lianjia.com/zufang/BJ2151291271753236480.html,2026-05-02 22:13:18,39.850249,116.364753
马家堡,整租·东亚三环 1室1厅 东北,整租,东亚三环,丰台区-马家堡-东亚三环,50.46,1室1厅,东北,,5300,105.0,,,https://bj.lianjia.com/zufang/BJ2151880239431548928.html,2026-05-02 22:13:23,39.842817,116.379676
马家堡,整租·蓝光云鼎 4房间 复式 南/北,整租,蓝光云鼎 4房间 复式 南/北,丰台区-马家堡-蓝光云鼎,60.00,,,,7500,125.0,,,https://bj.lianjia.com/zufang/BJ2152988073728671744.html,2026-05-02 22:13:18,39.859486,116.380288
马家堡,整租·兴琦家园 3室2厅 西南,整租,兴琦家园,丰台区-马家堡-兴琦家园,90.58,3室2厅,西南,,7800,86.1,,,https://bj.lianjia.com/zufang/BJ2153019580975415296.html,2026-05-02 22:13:18,39.85289,116.36007
马家堡,整租·嘉丽园 2室1厅 东,整租,嘉丽园,丰台区-马家堡-嘉丽园,83.00,2室1厅,东,,6500,78.3,,,https://bj.lianjia.com/zufang/BJ2153082000267804672.html,2026-05-02 22:13:18,39.850249,116.364753
马家堡,整租·7克拉 1房间 西,整租,7克拉 1房间 西,丰台区-马家堡,46.71,,,,4300,92.1,,,https://bj.lianjia.com/zufang/BJ2153146974319149056.html,2026-05-02 22:13:18,39.85289,116.36007
马家堡,整租·东亚三环 1室0厅 西,整租,东亚三环,丰台区-马家堡-东亚三环,33.88,1室0厅,西,,3900,115.1,,,https://bj.lianjia.com/zufang/BJ2153160039412531200.html,2026-05-02 22:13:18,39.842817,116.379676
马家堡,整租·蓝光云鼎 3房间 北,整租,蓝光云鼎 3房间 北,丰台区-马家堡-蓝光云鼎,49.53,,,,6000,121.1,,,https://bj.lianjia.com/zufang/BJ2142231100456435712.html,2026-05-02 22:13:18,39.85289,116.36007
马家堡,整租·城南大道 2房间 东南,整租,城南大道 2房间 东南,丰台区-马家堡-城南大道,51.62,,,,4100,79.4,,,https://bj.lianjia.com/zufang/BJ2142981914993098752.html,2026-05-02 22:13:18,39.831215,116.362297
马家堡,整租·明月嘉园 2室1厅 西北,整租,明月嘉园,丰台区-马家堡-明月嘉园,80.40,2室1厅,西北,,6000,74.6,,,https://bj.lianjia.com/zufang/BJ2143204894511726592.html,2026-05-02 22:13:18,39.85289,116.36007
马家堡,整租·名都家苑 2室1厅 西南,整租,名都家苑,丰台区-马家堡-名都家苑,100.59,2室1厅,西南,,8000,79.5,,,https://bj.lianjia.com/zufang/BJ2143380956877160448.html,2026-05-02 22:13:18,39.833352,116.365189
马家堡,整租·时代风帆大厦 4室1厅 南,整租,时代风帆大厦,丰台区-马家堡-时代风帆大厦,218.00,4室1厅,南,,25500,117.0,,,https://bj.lianjia.com/zufang/BJ2143622199402037248.html,2026-05-02 22:13:18,39.85289,116.36007
马家堡,整租·时代风帆大厦 3室1厅 西南,整租,时代风帆大厦,丰台区-马家堡-时代风帆大厦,154.00,3室1厅,西南,,15000,97.4,,,https://bj.lianjia.com/zufang/BJ2143315349213282304.html,2026-05-02 22:13:18,39.85289,116.36007
马家堡,整租·马家堡西里 2室1厅 南,整租,马家堡西里,丰台区-马家堡-马家堡西里,69.80,2室1厅,南,,6500,93.1,,,https://bj.lianjia.com/zufang/BJ2143690511502802944.html,2026-05-02 22:13:18,39.852454,116.375413
马家堡,整租·7克拉 3房间 南,整租,7克拉 3房间 南,丰台区-马家堡,46.56,,,,6300,135.3,,,https://bj.lianjia.com/zufang/BJ2143720288850804736.html,2026-05-02 22:13:18,39.85289,116.36007
马家堡,整租·7克拉 3房间 东,整租,7克拉 3房间 东,丰台区-马家堡,58.00,,,,6800,117.2,,,https://bj.lianjia.com/zufang/BJ2145031444991311872.html,2026-05-02 22:13:18,39.845477,116.354895
马家堡,整租·东亚三环 1房间 北,整租,东亚三环 1房间 北,丰台区-马家堡-东亚三环,53.00,,,,4500,84.9,,,https://bj.lianjia.com/zufang/BJ2142145120244334592.html,2026-05-02 22:13:18,39.842817,116.379676
马家堡,整租·时代风帆大厦 2室1厅 西北,整租,时代风帆大厦,丰台区-马家堡-时代风帆大厦,131.53,2室1厅,西北,,13000,98.8,,,https://bj.lianjia.com/zufang/BJ2158399409648304128.html,2026-05-02 22:13:23,39.85289,116.36007
马家堡,整租·城南大道 3房间 南,整租,城南大道 3房间 南,丰台区-马家堡-城南大道,60.00,,,,7000,116.7,,,https://bj.lianjia.com/zufang/BJ2158163048450228224.html,2026-05-02 22:13:23,39.831643,116.362338
马家堡,整租·马家堡西里 3室1厅 西南,整租,马家堡西里,丰台区-马家堡-马家堡西里,79.68,3室1厅,西南,,7600,95.4,,,https://bj.lianjia.com/zufang/BJ2159577625842941952.html,2026-05-02 22:13:23,39.852454,116.375413
马家堡,整租·东亚三环 1房间 北,整租,东亚三环 1房间 北,丰台区-马家堡-东亚三环,34.83,,,,3950,113.4,,,https://bj.lianjia.com/zufang/BJ2159654789493817344.html,2026-05-02 22:13:23,39.842817,116.379676
马家堡,整租·东亚三环 3房间 南,整租,东亚三环 3房间 南,丰台区-马家堡-东亚三环,76.42,,,,7000,91.6,,,https://bj.lianjia.com/zufang/BJ2159859989525561344.html,2026-05-02 22:13:23,39.842817,116.379676
马家堡,整租·西马金润二区 2室1厅 南,整租,西马金润二区,丰台区-马家堡-西马金润二区,99.69,2室1厅,南,,6200,62.2,,,https://bj.lianjia.com/zufang/BJ2122582474251829248.html,2026-05-02 22:13:49,39.838596,116.375698
马家堡,整租·冬季星空 1室1厅 西北,整租,冬季星空,丰台区-马家堡-冬季星空,63.76,1室1厅,西北,,5800,91.0,,,https://bj.lianjia.com/zufang/BJ2119658488962482176.html,2026-05-02 22:13:49,39.85289,116.36007
马家堡,整租·东亚三环 1室0厅 南,整租,东亚三环,丰台区-马家堡-东亚三环,35.00,1室0厅,南,,4000,114.3,,,https://bj.lianjia.com/zufang/BJ2126206138918633472.html,2026-05-02 22:13:49,39.842817,116.379676
马家堡,整租·未来明珠 2室1厅 西/北,整租,未来明珠,丰台区-马家堡-未来明珠,110.00,2室1厅,西/北,,8000,72.7,,,https://bj.lianjia.com/zufang/BJ2150875176999321600.html,2026-05-02 22:13:49,39.85289,116.36007
马家堡,整租·丰开苑 2室1厅 东南,整租,丰开苑,丰台区-马家堡-丰开苑,62.00,2室1厅,东南,,5200,83.9,,,https://bj.lianjia.com/zufang/BJ2142492946149146624.html,2026-05-02 22:13:23,39.85289,116.36007
马家堡,整租·枫竹苑二区 2室1厅 南,整租,枫竹苑二区,丰台区-马家堡-枫竹苑二区,92.00,2室1厅,南,,7000,76.1,,,https://bj.lianjia.com/zufang/BJ2113177995978997760.html,2026-05-02 22:13:23,39.832916,116.367188
马家堡,整租·左右坊 1室0厅 东,整租,左右坊,丰台区-马家堡-左右坊,36.56,1室0厅,东,,4100,112.1,,,https://bj.lianjia.com/zufang/BJ2145403837580574720.html,2026-05-02 22:13:23,39.85289,116.36007
马家堡,整租·西马金润二区 2室1厅 南/北,整租,西马金润二区,丰台区-马家堡-西马金润二区,77.00,2室1厅,南/北,,5500,71.4,,,https://bj.lianjia.com/zufang/BJ2106676523674107904.html,2026-05-02 22:13:23,39.838596,116.375698
马家堡,整租·西马金润二区 2室1厅 西,整租,西马金润二区,丰台区-马家堡-西马金润二区,79.32,2室1厅,西,,5200,65.6,,,https://bj.lianjia.com/zufang/BJ2147636330857758720.html,2026-05-02 22:13:23,39.838596,116.375698
马家堡,整租·名都家苑 1室0厅 北,整租,名都家苑,丰台区-马家堡-名都家苑,55.82,1室0厅,北,,5700,102.1,,,https://bj.lianjia.com/zufang/BJ2142827057292247040.html,2026-05-02 22:14:03,39.833352,116.365189
马家堡,整租·东亚三环 1室1厅 东北,整租,东亚三环,丰台区-马家堡-东亚三环,61.00,1室1厅,东北,,5500,90.2,,,https://bj.lianjia.com/zufang/BJ2117183202375237632.html,2026-05-02 22:14:03,39.842817,116.379676
马家堡,整租·左右坊 1室1厅 东,整租,左右坊,丰台区-马家堡-左右坊,38.67,1室1厅,东,,4200,108.6,,,https://bj.lianjia.com/zufang/BJ2138135138544910336.html,2026-05-02 22:14:03,39.85289,116.36007
马家堡,整租·丰开苑 2室1厅 东/南,整租,丰开苑,丰台区-马家堡-丰开苑,74.29,2室1厅,东/南,,6000,80.8,,,https://bj.lianjia.com/zufang/BJ2126996042716020736.html,2026-05-02 22:14:03,39.85289,116.36007
马家堡,整租·名都家苑 1室1厅 北,整租,名都家苑,丰台区-马家堡-名都家苑,55.82,1室1厅,北,,5300,94.9,,,https://bj.lianjia.com/zufang/BJ2144410411737284608.html,2026-05-02 22:14:03,39.833352,116.365189
马家堡,整租·富卓苑 1室0厅 西,整租,富卓苑,丰台区-马家堡-富卓苑,36.18,1室0厅,西,,4000,110.6,,,https://bj.lianjia.com/zufang/BJ2159522457449398272.html,2026-05-02 22:14:03,39.85289,116.36007
马家堡,整租·城南大道 3房间 西,整租,城南大道 3房间 西,丰台区-马家堡-城南大道,57.63,,,,8000,138.8,,,https://bj.lianjia.com/zufang/BJ2160224208552984576.html,2026-05-02 22:14:03,39.831643,116.362338
马家堡,整租·瑞丽江畔 2室1厅 东,整租,瑞丽江畔,丰台区-马家堡-瑞丽江畔,71.43,2室1厅,东,,5900,82.6,,,https://bj.lianjia.com/zufang/BJ2151156499496304640.html,2026-05-02 22:14:03,39.85289,116.36007
马家堡,整租·城南大道 1房间 南,整租,城南大道 1房间 南,丰台区-马家堡-城南大道,62.00,,,,5300,85.5,,,https://bj.lianjia.com/zufang/BJ2149564092568829952.html,2026-05-02 22:14:03,39.831436,116.362934
马家堡,整租·马家堡西里 1室1厅 西南,整租,马家堡西里,丰台区-马家堡-马家堡西里,43.29,1室1厅,西南,,3900,90.1,,,https://bj.lianjia.com/zufang/BJ2119353048441552896.html,2026-05-02 22:14:03,39.852454,116.375413
马家堡,整租·星河城西区 1室1厅 东,整租,星河城西区,丰台区-马家堡-星河城西区,53.15,1室1厅,东,,5800,109.1,,,https://bj.lianjia.com/zufang/BJ2137958179718299648.html,2026-05-02 22:13:49,39.836706,116.359228
马家堡,整租·晨光小区 3室1厅 东/南,整租,晨光小区,丰台区-马家堡-晨光小区,71.50,3室1厅,东/南,,6800,95.1,,,https://bj.lianjia.com/zufang/BJ2152035281383981056.html,2026-05-02 22:13:49,39.85289,116.36007
马家堡,整租·西马金润二区 1室0厅 东北,整租,西马金润二区,丰台区-马家堡-西马金润二区,41.60,1室0厅,东北,,4200,101.0,,,https://bj.lianjia.com/zufang/BJ2111719260991520768.html,2026-05-02 22:13:49,39.838596,116.375698
马家堡,整租·时代风帆大厦 5室1厅 东南,整租,时代风帆大厦,丰台区-马家堡-时代风帆大厦,211.05,5室1厅,东南,,19800,93.8,,,https://bj.lianjia.com/zufang/BJ2142092076018302976.html,2026-05-02 22:13:49,39.85289,116.36007
马家堡,整租·未来明珠 1室1厅 复式 东,整租,未来明珠,丰台区-马家堡-未来明珠,77.00,1室1厅,,,6500,84.4,,,https://bj.lianjia.com/zufang/BJ2144749388793118720.html,2026-05-02 22:14:03,39.85289,116.36007
马家堡,整租·东亚三环 2房间 西南,整租,东亚三环 2房间 西南,丰台区-马家堡-东亚三环,50.00,,,,5600,112.0,,,https://bj.lianjia.com/zufang/BJ2157351080638283776.html,2026-05-02 22:13:49,39.842817,116.379676
马家堡,整租·城南大道 1房间 北,整租,城南大道 1房间 北,丰台区-马家堡-城南大道,61.33,,,,5300,86.4,,,https://bj.lianjia.com/zufang/BJ2067175028914388992.html,2026-05-02 22:13:49,39.831436,116.362934
马家堡,整租·未来明珠 2室1厅 东南,整租,未来明珠,丰台区-马家堡-未来明珠,114.69,2室1厅,东南,,7900,68.9,,,https://bj.lianjia.com/zufang/BJ2146487544815026176.html,2026-05-02 22:13:49,39.85289,116.36007
马家堡,整租·益明园 1室0厅 南,整租,益明园,丰台区-马家堡-益明园,44.48,1室0厅,南,,4500,101.2,,,https://bj.lianjia.com/zufang/BJ2154792868848336896.html,2026-05-02 22:13:49,39.834307,116.371768
马家堡,整租·星河城西区 1室1厅 北,整租,星河城西区,丰台区-马家堡-星河城西区,37.96,1室1厅,北,,4700,123.8,,,https://bj.lianjia.com/zufang/BJ2156777800294465536.html,2026-05-02 22:13:49,39.836706,116.359228
马家堡,整租·东亚三环 1室0厅 南,整租,东亚三环,丰台区-马家堡-东亚三环,34.80,1室0厅,南,,4000,114.9,,,https://bj.lianjia.com/zufang/BJ2115107271376633856.html,2026-05-02 22:13:59,39.842817,116.379676
马家堡,整租·益星园 2室2厅 复式 南/北,整租,益星园,丰台区-马家堡-益星园,115.31,2室2厅,,,9600,83.3,,,https://bj.lianjia.com/zufang/BJ2148752749615906816.html,2026-05-02 22:13:59,39.834307,116.371768
马家堡,整租·电建地产洺悦苑 3室2厅 南/北,整租,电建地产洺悦苑,丰台区-马家堡-电建地产洺悦苑,88.89,3室2厅,南/北,,7300,82.1,,,https://bj.lianjia.com/zufang/BJ2158137247075926016.html,2026-05-02 22:13:59,39.849236,116.357108
马家堡,整租·星河城东区 1室1厅 东,整租,星河城东区,丰台区-马家堡-星河城东区,60.53,1室1厅,东,,5700,94.2,,,https://bj.lianjia.com/zufang/BJ2154602175261573120.html,2026-05-02 22:13:59,39.836706,116.359228
马家堡,整租·东亚三环 2房间 西,整租,东亚三环 2房间 西,丰台区-马家堡-东亚三环,45.13,,,,4800,106.4,,,https://bj.lianjia.com/zufang/BJ2151921670426722304.html,2026-05-02 22:13:59,39.842817,116.379676
马家堡,整租·左右坊 2室1厅 西,整租,左右坊,丰台区-马家堡-左右坊,62.55,2室1厅,西,,5800,92.7,,,https://bj.lianjia.com/zufang/BJ2157721569072250880.html,2026-05-02 22:13:59,39.85289,116.36007
马家堡,整租·未来假日 4室4厅 南/北,整租,未来假日,丰台区-马家堡-未来假日,327.30,4室4厅,南/北,,31000,94.7,,,https://bj.lianjia.com/zufang/BJ2083512231646986240.html,2026-05-02 22:13:59,39.85289,116.36007
马家堡,整租·东亚三环 1室1厅 西北,整租,东亚三环,丰台区-马家堡-东亚三环,61.00,1室1厅,西北,,5500,90.2,,,https://bj.lianjia.com/zufang/BJ2157011127152672768.html,2026-05-02 22:13:59,39.842817,116.379676
马家堡,整租·东亚三环 2房间 南,整租,东亚三环 2房间 南,丰台区-马家堡-东亚三环,34.80,,,,4000,114.9,,,https://bj.lianjia.com/zufang/BJ2138122908734586880.html,2026-05-02 22:13:59,39.842817,116.379676
马家堡,整租·马家堡西里 2室1厅 南/北,整租,马家堡西里,丰台区-马家堡-马家堡西里,54.28,2室1厅,南/北,,5100,94.0,,,https://bj.lianjia.com/zufang/BJ2146449740743573504.html,2026-05-02 22:14:03,39.852454,116.375413
马家堡,整租·明日嘉园 1室0厅 北,整租,明日嘉园,丰台区-马家堡-明日嘉园,42.78,1室0厅,北,,4300,100.5,,,https://bj.lianjia.com/zufang/BJ2147600598998974464.html,2026-05-02 22:14:03,39.85289,116.36007
马家堡,整租·7克拉 2房间 复式 南,整租,7克拉 2房间 复式 南,丰台区-马家堡,27.61,,,,3800,137.6,,,https://bj.lianjia.com/zufang/BJ2121193289179725824.html,2026-05-02 22:14:03,39.859486,116.380288
马家堡,整租·西马金润二区 2室1厅 东/西,整租,西马金润二区,丰台区-马家堡-西马金润二区,80.30,2室1厅,东/西,,5500,68.5,,,https://bj.lianjia.com/zufang/BJ2137804254423810048.html,2026-05-02 22:14:03,39.838596,116.375698
马家堡,整租·润景家园 1室1厅 东/南,整租,润景家园,丰台区-马家堡-润景家园,65.86,1室1厅,东/南,,5400,82.0,,,https://bj.lianjia.com/zufang/BJ2141413553591025664.html,2026-05-02 22:14:03,39.85289,116.36007
马家堡,整租·蓝光云鼎 4房间 复式 南,整租,蓝光云鼎 4房间 复式 南,丰台区-马家堡-蓝光云鼎,60.00,,,,6500,108.3,,,https://bj.lianjia.com/zufang/BJ2152997172834992128.html,2026-05-02 22:13:59,39.859486,116.380288
马家堡,整租·东亚三环 1室1厅 东/东北,整租,东亚三环,丰台区-马家堡-东亚三环,60.21,1室1厅,东/东北,,5800,96.3,,,https://bj.lianjia.com/zufang/BJ2154153372419096576.html,2026-05-02 22:13:59,39.842817,116.379676
马家堡,整租·丽水园 4室2厅 东南/北,整租,丽水园,丰台区-马家堡-丽水园,152.86,4室2厅,东南/北,,12000,78.5,,,https://bj.lianjia.com/zufang/BJ2078339945847586816.html,2026-05-02 22:14:03,39.85289,116.36007
马家堡,整租·丰开苑 2室1厅 东南,整租,丰开苑,丰台区-马家堡-丰开苑,88.16,2室1厅,东南,,8700,98.7,,,https://bj.lianjia.com/zufang/BJ2034848227546628096.html,2026-05-02 22:13:59,39.85289,116.36007
马家堡,整租·晨光小区 2室1厅 东/西,整租,晨光小区,丰台区-马家堡-晨光小区,55.31,2室1厅,东/西,,5000,90.4,,,https://bj.lianjia.com/zufang/BJ2153148827333296128.html,2026-05-02 22:14:03,39.85289,116.36007
马家堡,整租·左右坊 1室0厅 东,整租,左右坊,丰台区-马家堡-左右坊,36.33,1室0厅,东,,3900,107.3,,,https://bj.lianjia.com/zufang/BJ2105215612631384064.html,2026-05-02 22:14:03,39.85289,116.36007
马家堡,整租·东亚三环 1室0厅 北,整租,东亚三环,丰台区-马家堡-东亚三环,35.00,1室0厅,北,,3800,108.6,,,https://bj.lianjia.com/zufang/BJ2161393750050340864.html,2026-05-02 22:14:03,39.842817,116.379676
马家堡,整租·马家堡西里 1室1厅 东,整租,马家堡西里,丰台区-马家堡-马家堡西里,42.00,1室1厅,东,,4000,95.2,,,https://bj.lianjia.com/zufang/BJ1718191286361522176.html,2026-05-02 22:14:12,39.852454,116.375413
马家堡,整租·名都家苑 1室0厅 北,整租,名都家苑,丰台区-马家堡-名都家苑,55.82,1室0厅,北,,5000,89.6,,,https://bj.lianjia.com/zufang/BJ1725457343195381760.html,2026-05-02 22:14:12,39.833352,116.365189
马家堡,整租·7克拉 1房间 东,整租,7克拉 1房间 东,丰台区-马家堡,39.92,,,,3850,96.4,,,https://bj.lianjia.com/zufang/BJ1735563420230483968.html,2026-05-02 22:14:03,39.845477,116.354895
马家堡,整租·马家堡西里 1室1厅 西南,整租,马家堡西里,丰台区-马家堡-马家堡西里,43.40,1室1厅,西南,,3700,85.3,,,https://bj.lianjia.com/zufang/BJ1760919972390895616.html,2026-05-02 22:14:12,39.852454,116.375413
马家堡,整租·枫竹苑二区 3室2厅 南/北,整租,枫竹苑二区,丰台区-马家堡-枫竹苑二区,125.78,3室2厅,南/北,,8450,67.2,,,https://bj.lianjia.com/zufang/BJ2147254379328045056.html,2026-05-02 22:14:26,39.832916,116.367188
马家堡,整租·星河城东区 1室1厅 北,整租,星河城东区,丰台区-马家堡-星河城东区,56.58,1室1厅,北,,5500,97.2,,,https://bj.lianjia.com/zufang/BJ2148296778879860736.html,2026-05-02 22:14:26,39.836706,116.359228
马家堡,整租·东亚三环 1室0厅 北,整租,东亚三环,丰台区-马家堡-东亚三环,34.80,1室0厅,北,,4000,114.9,,,https://bj.lianjia.com/zufang/BJ2152705663887736832.html,2026-05-02 22:14:26,39.842817,116.379676
马家堡,整租·7克拉 2房间 西南,整租,7克拉 2房间 西南,丰台区-马家堡,43.11,,,,4000,92.8,,,https://bj.lianjia.com/zufang/BJ1624619145117040640.html,2026-05-02 22:14:07,39.85289,116.36007
马家堡,整租·嘉园三里 1室1厅 东,整租,嘉园三里,丰台区-马家堡-嘉园三里,51.86,1室1厅,东,,4000,77.1,,,https://bj.lianjia.com/zufang/BJ1626793805464207360.html,2026-05-02 22:14:07,39.844286,116.360908
马家堡,整租·7克拉 1房间 南,整租,7克拉 1房间 南,丰台区-马家堡,38.45,,,,3900,101.4,,,https://bj.lianjia.com/zufang/BJ1646352327021428736.html,2026-05-02 22:14:12,39.85289,116.36007
马家堡,整租·东亚三环 2房间 北,整租,东亚三环 2房间 北,丰台区-马家堡-东亚三环,35.30,,,,4300,121.8,,,https://bj.lianjia.com/zufang/BJ1656271081142484992.html,2026-05-02 22:14:12,39.842817,116.379676
马家堡,整租·7克拉 2房间 东,整租,7克拉 2房间 东,丰台区-马家堡,47.00,,,,4500,95.7,,,https://bj.lianjia.com/zufang/BJ1648992009744023552.html,2026-05-02 22:14:12,39.845477,116.354895
马家堡,整租·东亚三环 1室0厅 南,整租,东亚三环,丰台区-马家堡-东亚三环,35.21,1室0厅,南,,4500,127.8,,,https://bj.lianjia.com/zufang/BJ1738047411844022272.html,2026-05-02 22:14:12,39.842817,116.379676
马家堡,整租·7克拉 1房间 北,整租,7克拉 1房间 北,丰台区-马家堡,27.10,,,,3300,121.8,,,https://bj.lianjia.com/zufang/BJ2148757671237386240.html,2026-05-02 22:14:26,39.85289,116.36007
马家堡,整租·西马金润二区 1室1厅 南/北,整租,西马金润二区,丰台区-马家堡-西马金润二区,63.96,1室1厅,南/北,,5130,80.2,,,https://bj.lianjia.com/zufang/BJ1878432218049675264.html,2026-05-02 22:14:07,39.838596,116.375698
马家堡,整租·嘉园二里 2室1厅 南/北,整租,嘉园二里,丰台区-马家堡-嘉园二里,55.99,2室1厅,南/北,,5000,89.3,,,https://bj.lianjia.com/zufang/BJ1887375522401353728.html,2026-05-02 22:14:07,39.850249,116.364753
马家堡,整租·名都家苑 1室0厅 北,整租,名都家苑,丰台区-马家堡-名都家苑,55.82,1室0厅,北,,5000,89.6,,,https://bj.lianjia.com/zufang/BJ1887507715274571776.html,2026-05-02 22:14:07,39.833352,116.365189
马家堡,整租·名都家苑 3室2厅 南/北,整租,名都家苑,丰台区-马家堡-名都家苑,139.90,3室2厅,南/北,,11000,78.6,,,https://bj.lianjia.com/zufang/BJ1887864970427760640.html,2026-05-02 22:14:07,39.833352,116.365189
马家堡,整租·马家堡西里 2室1厅 南/北,整租,马家堡西里,丰台区-马家堡-马家堡西里,57.70,2室1厅,南/北,,4700,81.5,,,https://bj.lianjia.com/zufang/BJ1889873283264806912.html,2026-05-02 22:14:07,39.852454,116.375413
马家堡,整租·东亚三环 2房间 西,整租,东亚三环 2房间 西,丰台区-马家堡-东亚三环,43.48,,,,4350,100.0,,,https://bj.lianjia.com/zufang/BJ2014008838419644416.html,2026-05-02 22:14:12,39.842817,116.379676
马家堡,整租·7克拉 1房间 西,整租,7克拉 1房间 西,丰台区-马家堡,23.40,,,,3600,153.8,,,https://bj.lianjia.com/zufang/BJ2015989750300672000.html,2026-05-02 22:14:17,39.85289,116.36007
马家堡,整租·马家堡西里 1室1厅 南/北,整租,马家堡西里,丰台区-马家堡-马家堡西里,46.89,1室1厅,南/北,,4599,98.1,,,https://bj.lianjia.com/zufang/BJ2016857579124162560.html,2026-05-02 22:14:17,39.852454,116.375413
马家堡,整租·南华小区 1室1厅 南/北,整租,南华小区,丰台区-马家堡-南华小区,58.05,1室1厅,南/北,,4200,72.4,,,https://bj.lianjia.com/zufang/BJ2017096335420817408.html,2026-05-02 22:14:07,39.832906,116.373088
马家堡,整租·东亚三环 1房间 东,整租,东亚三环 1房间 东,丰台区-马家堡-东亚三环,44.15,,,,4300,97.4,,,https://bj.lianjia.com/zufang/BJ2153468231975698432.html,2026-05-02 22:14:26,39.835841,116.381417
马家堡,整租·丽水园 1室1厅 南,整租,丽水园,丰台区-马家堡-丽水园,56.29,1室1厅,南,,4900,87.0,,,https://bj.lianjia.com/zufang/BJ1989601684862533632.html,2026-05-02 22:14:07,39.85289,116.36007
马家堡,整租·明月嘉园 1室0厅 北,整租,明月嘉园,丰台区-马家堡-明月嘉园,42.30,1室0厅,北,,4399,104.0,,,https://bj.lianjia.com/zufang/BJ2000900928391086080.html,2026-05-02 22:14:07,39.85289,116.36007
马家堡,整租·7克拉 2房间 东,整租,7克拉 2房间 东,丰台区-马家堡,29.24,,,,5000,171.0,,,https://bj.lianjia.com/zufang/BJ1941797608431288320.html,2026-05-02 22:14:07,39.845477,116.354895
马家堡,整租·明日嘉园 1室0厅 北,整租,明日嘉园,丰台区-马家堡-明日嘉园,39.58,1室0厅,北,,4300,108.6,,,https://bj.lianjia.com/zufang/BJ2049395826651824128.html,2026-05-02 22:14:17,39.85289,116.36007
马家堡,整租·7克拉 1房间 南,整租,7克拉 1房间 南,丰台区-马家堡,28.00,,,,3300,117.9,,,https://bj.lianjia.com/zufang/BJ2010632602255360000.html,2026-05-02 22:14:12,39.85289,116.36007
马家堡,整租·马家堡西里 3室1厅 南/北,整租,马家堡西里,丰台区-马家堡-马家堡西里,75.85,3室1厅,南/北,,5800,76.5,,,https://bj.lianjia.com/zufang/BJ2011384772567236608.html,2026-05-02 22:14:12,39.852454,116.375413
马家堡,整租·东亚三环 1室0厅 西,整租,东亚三环,丰台区-马家堡-东亚三环,35.00,1室0厅,西,,4300,122.9,,,https://bj.lianjia.com/zufang/BJ2013119268496867328.html,2026-05-02 22:14:12,39.842817,116.379676
马家堡,整租·明月嘉园 1室0厅 北,整租,明月嘉园,丰台区-马家堡-明月嘉园,42.06,1室0厅,北,,4000,95.1,,,https://bj.lianjia.com/zufang/BJ1962787530210279424.html,2026-05-02 22:14:12,39.85289,116.36007
马家堡,整租·富卓苑 2室1厅 南/北,整租,富卓苑,丰台区-马家堡-富卓苑,68.85,2室1厅,南/北,,5000,72.6,,,https://bj.lianjia.com/zufang/BJ1963257415734394880.html,2026-05-02 22:14:12,39.85289,116.36007
马家堡,整租·7克拉 1房间 东,整租,7克拉 1房间 东,丰台区-马家堡,34.43,,,,3465,100.6,,,https://bj.lianjia.com/zufang/BJ2022542775718772736.html,2026-05-02 22:14:17,39.845477,116.354895
马家堡,整租·7克拉 1房间 东,整租,7克拉 1房间 东,丰台区-马家堡,36.70,,,,3700,100.8,,,https://bj.lianjia.com/zufang/BJ2023342706570297344.html,2026-05-02 22:14:17,39.845477,116.354895
马家堡,整租·马家堡西里 1室1厅 南,整租,马家堡西里,丰台区-马家堡-马家堡西里,44.02,1室1厅,南,,4500,102.2,,,https://bj.lianjia.com/zufang/BJ1966724714936139776.html,2026-05-02 22:14:21,39.852454,116.375413
马家堡,整租·晨新园 1室1厅 南,整租,晨新园,丰台区-马家堡-晨新园,51.38,1室1厅,南,,5000,97.3,,,https://bj.lianjia.com/zufang/BJ2020125675930779648.html,2026-05-02 22:14:17,39.85289,116.36007
马家堡,整租·左右坊 1室1厅 西,整租,左右坊,丰台区-马家堡-左右坊,36.11,1室1厅,西,,3950,109.4,,,https://bj.lianjia.com/zufang/BJ2020497253751324672.html,2026-05-02 22:14:17,39.85289,116.36007
马家堡,整租·旭日嘉园 1室0厅 北,整租,旭日嘉园,丰台区-马家堡-旭日嘉园,44.41,1室0厅,北,,4500,101.3,,,https://bj.lianjia.com/zufang/BJ2022341087007342592.html,2026-05-02 22:14:17,39.85289,116.36007
马家堡,整租·7克拉 1房间 东,整租,7克拉 1房间 东,丰台区-马家堡,50.00,,,,4700,94.0,,,https://bj.lianjia.com/zufang/BJ2024778479068774400.html,2026-05-02 22:14:17,39.845477,116.354895
马家堡,整租·名都家苑 2室1厅 东北,整租,名都家苑,丰台区-马家堡-名都家苑,98.36,2室1厅,东北,,7900,80.3,,,https://bj.lianjia.com/zufang/BJ1665335502259093504.html,2026-05-02 22:14:12,39.833352,116.365189
马家堡,整租·东亚三环 1室1厅 东北,整租,东亚三环,丰台区-马家堡-东亚三环,60.17,1室1厅,东北,,5700,94.7,,,https://bj.lianjia.com/zufang/BJ1761734282356719616.html,2026-05-02 22:14:12,39.842817,116.379676
马家堡,整租·益城园 3室2厅 南/北,整租,益城园,丰台区-马家堡-益城园,124.75,3室2厅,南/北,,8900,71.3,,,https://bj.lianjia.com/zufang/BJ1806006371116646400.html,2026-05-02 22:14:12,39.832108,116.363061
马家堡,整租·星河城东区 1室1厅 东北,整租,星河城东区,丰台区-马家堡-星河城东区,58.35,1室1厅,东北,,6300,108.0,,,https://bj.lianjia.com/zufang/BJ1807479329089650688.html,2026-05-02 22:14:12,39.836706,116.359228
马家堡,整租·马家堡西里 1室1厅 西南,整租,马家堡西里,丰台区-马家堡-马家堡西里,43.29,1室1厅,西南,,4200,97.0,,,https://bj.lianjia.com/zufang/BJ1820410541709983744.html,2026-05-02 22:14:12,39.852454,116.375413
马家堡,整租·马家堡西里 1室1厅 东南,整租,马家堡西里,丰台区-马家堡-马家堡西里,43.29,1室1厅,东南,,4200,97.0,,,https://bj.lianjia.com/zufang/BJ1872982066165972992.html,2026-05-02 22:14:17,39.852454,116.375413
马家堡,整租·7克拉 1房间 东,整租,7克拉 1房间 东,丰台区-马家堡,30.60,,,,3500,114.4,,,https://bj.lianjia.com/zufang/BJ2026486520159928320.html,2026-05-02 22:14:17,39.845477,116.354895
马家堡,整租·旭日嘉园 1室0厅 北,整租,旭日嘉园,丰台区-马家堡-旭日嘉园,58.03,1室0厅,北,,5000,86.2,,,https://bj.lianjia.com/zufang/BJ2026523022650769408.html,2026-05-02 22:14:17,39.85289,116.36007
马家堡,整租·马家堡西里 2室1厅 南/北,整租,马家堡西里,丰台区-马家堡-马家堡西里,58.82,2室1厅,南/北,,5300,90.1,,,https://bj.lianjia.com/zufang/BJ2032729639134167040.html,2026-05-02 22:14:17,39.852454,116.375413
马家堡,整租·星河城西区 1室1厅 东北,整租,星河城西区,丰台区-马家堡-星河城西区,60.72,1室1厅,东北,,5670,93.4,,,https://bj.lianjia.com/zufang/BJ2034940820636827648.html,2026-05-02 22:14:17,39.836706,116.359228
马家堡,整租·旭日嘉园 1室0厅 北,整租,旭日嘉园,丰台区-马家堡-旭日嘉园,44.41,1室0厅,北,,4500,101.3,,,https://bj.lianjia.com/zufang/BJ2038174932084457472.html,2026-05-02 22:14:17,39.85289,116.36007
马家堡,整租·晨光小区 2室1厅 南/北,整租,晨光小区,丰台区-马家堡-晨光小区,59.34,2室1厅,南/北,,4800,80.9,,,https://bj.lianjia.com/zufang/BJ2089358003525386240.html,2026-05-02 22:14:17,39.85289,116.36007
马家堡,整租·晨光小区 2室1厅 东/西,整租,晨光小区,丰台区-马家堡-晨光小区,56.00,2室1厅,东/西,,5300,94.6,,,https://bj.lianjia.com/zufang/BJ2018149754105495552.html,2026-05-02 22:14:17,39.85289,116.36007
马家堡,整租·7克拉 1房间 东,整租,7克拉 1房间 东,丰台区-马家堡,31.00,,,,3500,112.9,,,https://bj.lianjia.com/zufang/BJ2045514574622359552.html,2026-05-02 22:14:17,39.845477,116.354895
马家堡,整租·7克拉 1房间 西,整租,7克拉 1房间 西,丰台区-马家堡,23.41,,,,3200,136.7,,,https://bj.lianjia.com/zufang/BJ2036310185672179712.html,2026-05-02 22:14:17,39.85289,116.36007
马家堡,整租·东亚三环 1室0厅 南,整租,东亚三环,丰台区-马家堡-东亚三环,35.30,1室0厅,南,,4000,113.3,,,https://bj.lianjia.com/zufang/BJ2025140982474866688.html,2026-05-02 22:14:17,39.842817,116.379676
马家堡,整租·旭日嘉园 1室1厅 北,整租,旭日嘉园,丰台区-马家堡-旭日嘉园,44.41,1室1厅,北,,4900,110.3,,,https://bj.lianjia.com/zufang/BJ2027372901673467904.html,2026-05-02 22:14:17,39.85289,116.36007
马家堡,整租·西马金润二区 2室1厅 东/西,整租,西马金润二区,丰台区-马家堡-西马金润二区,73.00,2室1厅,东/西,,5093,69.8,,,https://bj.lianjia.com/zufang/BJ2031363999915835392.html,2026-05-02 22:14:17,39.838596,116.375698
马家堡,整租·丰开苑 1室1厅 东南,整租,丰开苑,丰台区-马家堡-丰开苑,51.00,1室1厅,东南,,4200,82.4,,,https://bj.lianjia.com/zufang/BJ2032069779765854208.html,2026-05-02 22:14:26,39.85289,116.36007
马家堡,整租·星河城东区 1室1厅 南,整租,星河城东区,丰台区-马家堡-星河城东区,66.98,1室1厅,南,,5999,89.6,,,https://bj.lianjia.com/zufang/BJ2016531436512739328.html,2026-05-02 22:14:17,39.836706,116.359228
马家堡,整租·星河城西区 2室1厅 南,整租,星河城西区,丰台区-马家堡-星河城西区,112.70,2室1厅,南,,8450,75.0,,,https://bj.lianjia.com/zufang/BJ1793861212933455872.html,2026-05-02 22:14:21,39.836706,116.359228
马家堡,整租·马家堡西里 2室1厅 南/北,整租,马家堡西里,丰台区-马家堡-马家堡西里,55.00,2室1厅,南/北,,5600,101.8,,,https://bj.lianjia.com/zufang/BJ1898323457167327232.html,2026-05-02 22:14:21,39.852454,116.375413
马家堡,整租·明日嘉园 2室1厅 南,整租,明日嘉园,丰台区-马家堡-明日嘉园,82.08,2室1厅,南,,7700,93.8,,,https://bj.lianjia.com/zufang/BJ1894636647522238464.html,2026-05-02 22:14:21,39.85289,116.36007
马家堡,整租·嘉园二里 3室1厅 东/南/西,整租,嘉园二里,丰台区-马家堡-嘉园二里,78.73,3室1厅,东/南/西,,7000,88.9,,,https://bj.lianjia.com/zufang/BJ1894316776498397184.html,2026-05-02 22:14:21,39.850249,116.364753
马家堡,整租·晨光小区 2室1厅 南/北,整租,晨光小区,丰台区-马家堡-晨光小区,54.84,2室1厅,南/北,,5000,91.2,,,https://bj.lianjia.com/zufang/BJ1896119258283245568.html,2026-05-02 22:14:21,39.85289,116.36007
马家堡,整租·晨光小区 2室1厅 东/西,整租,晨光小区,丰台区-马家堡-晨光小区,55.48,2室1厅,东/西,,5250,94.6,,,https://bj.lianjia.com/zufang/BJ1895738162945196032.html,2026-05-02 22:14:21,39.85289,116.36007
马家堡,整租·东亚三环 1室1厅 东/北,整租,东亚三环,丰台区-马家堡-东亚三环,60.21,1室1厅,东/北,,6100,101.3,,,https://bj.lianjia.com/zufang/BJ1896868461154402304.html,2026-05-02 22:14:21,39.842817,116.379676
马家堡,整租·丰开苑 1室1厅 东南,整租,丰开苑,丰台区-马家堡-丰开苑,38.63,1室1厅,东南,,4200,108.7,,,https://bj.lianjia.com/zufang/BJ2150949740496289792.html,2026-05-02 22:14:26,39.85289,116.36007
马家堡,整租·嘉园一里 1室1厅 南/北,整租,嘉园一里,丰台区-马家堡-嘉园一里,70.70,1室1厅,南/北,,5550,78.5,,,https://bj.lianjia.com/zufang/BJ2151605905437753344.html,2026-05-02 22:14:26,39.850249,116.364753
马家堡,整租·嘉园一里 2室1厅 南/北,整租,嘉园一里,丰台区-马家堡-嘉园一里,80.63,2室1厅,南/北,,5500,68.2,,,https://bj.lianjia.com/zufang/BJ2152263099606892544.html,2026-05-02 22:14:26,39.850249,116.364753
马家堡,整租·星河城东区 3室2厅 南/北,整租,星河城东区,丰台区-马家堡-星河城东区,134.55,3室2厅,南/北,,10300,76.6,,,https://bj.lianjia.com/zufang/BJ2152331621561270272.html,2026-05-02 22:14:26,39.836706,116.359228
马家堡,整租·西马金润二区 3室2厅 南,整租,西马金润二区,丰台区-马家堡-西马金润二区,133.17,3室2厅,南,,8300,62.3,,,https://bj.lianjia.com/zufang/BJ2152394344647098368.html,2026-05-02 22:14:26,39.838596,116.375698
马家堡,整租·嘉园三里 1室1厅 西,整租,嘉园三里,丰台区-马家堡-嘉园三里,51.86,1室1厅,西,,3800,73.3,,,https://bj.lianjia.com/zufang/BJ2153137151267569664.html,2026-05-02 22:14:26,39.844286,116.360908
马家堡,整租·西马金润二区 3室1厅 南/北,整租,西马金润二区,丰台区-马家堡-西马金润二区,117.20,3室1厅,南/北,,8000,68.3,,,https://bj.lianjia.com/zufang/BJ2157051337605382144.html,2026-05-02 22:14:21,39.838596,116.375698
马家堡,整租·西马金润一区 3室1厅 南/北,整租,西马金润一区,丰台区-马家堡-西马金润一区,123.00,3室1厅,南/北,,7800,63.4,,,https://bj.lianjia.com/zufang/BJ2158802225579687936.html,2026-05-02 22:14:21,39.838596,116.375698
马家堡,整租·马家堡西里 2室1厅 东南,整租,马家堡西里,丰台区-马家堡-马家堡西里,57.70,2室1厅,东南,,5000,86.7,,,https://bj.lianjia.com/zufang/BJ2158970188710543360.html,2026-05-02 22:14:21,39.852454,116.375413
马家堡,整租·马家堡西里 2室1厅 南,整租,马家堡西里,丰台区-马家堡-马家堡西里,50.33,2室1厅,南,,4500,89.4,,,https://bj.lianjia.com/zufang/BJ2157519475451101184.html,2026-05-02 22:14:21,39.852454,116.375413
马家堡,整租·嘉园三里 1室1厅 西,整租,嘉园三里,丰台区-马家堡-嘉园三里,44.44,1室1厅,西,,3700,83.3,,,https://bj.lianjia.com/zufang/BJ2157800877467893760.html,2026-05-02 22:14:21,39.844286,116.360908
马家堡,整租·三星庄园 2室1厅 南/北,整租,三星庄园,丰台区-马家堡-三星庄园,61.46,2室1厅,南/北,,4830,78.6,,,https://bj.lianjia.com/zufang/BJ2159504351104598016.html,2026-05-02 22:14:21,39.852891,116.360075
马家堡,整租·南华小区 2室1厅 东/西,整租,南华小区,丰台区-马家堡-南华小区,64.35,2室1厅,东/西,,4500,69.9,,,https://bj.lianjia.com/zufang/BJ2156386727160184832.html,2026-05-02 22:14:21,39.832906,116.373088
马家堡,整租·马家堡西里 2室1厅 西北,整租,马家堡西里,丰台区-马家堡-马家堡西里,75.70,2室1厅,西北,,5600,74.0,,,https://bj.lianjia.com/zufang/BJ2159550646464806912.html,2026-05-02 22:14:21,39.852454,116.375413
马家堡,整租·角门9号院 2室1厅 南,整租,角门9号院,丰台区-马家堡-角门,78.46,2室1厅,南,,5800,73.9,,,https://bj.lianjia.com/zufang/BJ2160000731233386496.html,2026-05-02 22:14:21,39.844826,116.363668
马家堡,整租·马家堡西里 2室1厅 南,整租,马家堡西里,丰台区-马家堡-马家堡西里,62.22,2室1厅,南,,5460,87.8,,,https://bj.lianjia.com/zufang/BJ2127047061890138112.html,2026-05-02 22:14:26,39.852454,116.375413
马家堡,整租·晨光小区 1室1厅 西,整租,晨光小区,丰台区-马家堡-晨光小区,38.20,1室1厅,西,,4200,109.9,,,https://bj.lianjia.com/zufang/BJ2131682000803725312.html,2026-05-02 22:14:26,39.85289,116.36007
马家堡,整租·益星园 3室2厅 错层 南/北,整租,益星园,丰台区-马家堡-益星园,125.45,3室2厅,,,10000,79.7,,,https://bj.lianjia.com/zufang/BJ2144065367335501824.html,2026-05-02 22:14:26,39.834307,116.371768
马家堡,整租·7克拉 2房间 西,整租,7克拉 2房间 西,丰台区-马家堡,25.70,,,,3800,147.9,,,https://bj.lianjia.com/zufang/BJ2146216160440352768.html,2026-05-02 22:14:26,39.85289,116.36007
马家堡,整租·7克拉 1房间 东,整租,7克拉 1房间 东,丰台区-马家堡,31.13,,,,3400,109.2,,,https://bj.lianjia.com/zufang/BJ2149487035260338176.html,2026-05-02 22:14:26,39.845477,116.354895
马家堡,整租·角门9号院 2室1厅 南/北,整租,角门9号院,丰台区-马家堡-角门,72.35,2室1厅,南/北,,5000,69.1,,,https://bj.lianjia.com/zufang/BJ2150151340590891008.html,2026-05-02 22:14:26,39.844826,116.363668
马家堡,整租·星河城西区 3室2厅 南/北,整租,星河城西区,丰台区-马家堡-星河城西区,138.21,3室2厅,南/北,,9900,71.6,,,https://bj.lianjia.com/zufang/BJ2150502971996110848.html,2026-05-02 22:14:26,39.836706,116.359228
马家堡,整租·益星园 3室2厅 南/北,整租,益星园,丰台区-马家堡-益星园,109.06,3室2厅,南/北,,8800,80.7,,,https://bj.lianjia.com/zufang/BJ1879431033422610432.html,2026-05-02 22:14:26,39.834307,116.371768